basic.csv,1,2,3,4,5,6,7,8,9,10
R_GLYCt,0.0,0.0,0.0,0.0,0.0,0.0,0.0,0.0,0.0,0.0
R_PLIPA3,0.0,0.0,0.0,0.0,0.0,0.0,0.0,0.0,0.0,0.0
R_TREH,0.0,0.0,0.0,0.0,0.0,0.0,0.0,0.0,0.0,0.0
R_CTPS2,0.1514,0.1514,0.1514,0.1514,0.1514,0.1514,0.1514,0.1514,0.1514,0.1514
R_ACNML,0.0,10.684463,0.0,0.0,0.0,0.0,10.684463,0.0,0.0,0.0
R_LYSDC,0.0,0.0,0.0,0.0,0.0,0.0,0.0,0.0,0.0,0.0
R_ALDD2x,0.0,0.0,0.0,0.0,0.0,0.0,0.0,0.0,0.0,0.0
R_MME,0.0,0.0,0.0,0.0,0.0,0.0,0.0,0.0,0.0,0.0
R_GLCpts,0.0,0.0,0.0,0.0,0.0,0.0,0.0,0.0,0.0,0.0
R_NACODA,0.0,0.0,0.0,0.0,0.0,0.0,0.0,0.0,0.0,0.0
R_EX_lcts_e,0.0,0.0,0.0,0.0,0.0,0.0,0.0,0.0,0.0,0.0
R_UGLT,0.0,0.0,0.0,0.0,0.0,0.0,0.0,0.0,0.0,0.0
R_EX_galur_e,0.0,0.0,0.0,0.0,0.0,0.0,0.0,0.0,0.0,0.0
R_TMDS,0.0247,0.0247,0.0247,0.0247,0.0247,0.0247,0.0247,0.0247,0.0247,0.0247
R_OMMBLHX,0.0,0.0,0.0,0.0,0.0,0.0,0.0,0.0,0.0,0.0
R_DASYN_EC,0.15225,0.15225,0.15225,0.15225,0.15225,0.15225,0.15225,0.15225,0.15225,0.15225
R_UPP3S,0.0,0.0,0.0,0.0,0.0,0.0,0.0,0.0,0.0,0.0
R_IPMD,0.428,0.428,0.428,0.428,0.428,0.428,0.428,0.428,0.428,0.428
R_ADCS,0.05,0.05,0.05,0.05,0.05,0.05,0.05,0.05,0.05,0.05
R_ASNN,0.0,0.0,0.0,0.0,0.0,0.0,0.0,0.0,0.0,0.0
R_PROt2r,0.0,0.0,0.0,0.0,0.0,0.0,0.0,0.0,0.0,0.0
R_G6PDA,0.0,10.612463,11.5501034489,0.0,0.0,0.0,10.612463,10.612463,0.0,0.0
R_PYDXNK,0.0,0.0,0.0,0.0,0.0,0.0,0.0,0.0,0.0,0.0
R_PANTS,5.89999999999e-05,5.89999999998e-05,5.89999999998e-05,5.89999999998e-05,5.90000000003e-05,5.90000000029e-05,5.89999999998e-05,5.89999999998e-05,5.90000000003e-05,5.89999999994e-05
R_MMM2,0.0,0.0,0.0,0.0,0.0,0.0,0.0,0.0,0.0,0.0
R_EXoutput_xan_e,13.7612195635,0.0,0.0,0.0,0.0,9.09967719118,0.0,0.0,0.0,0.0
R_GLYCL,0.0,0.0,0.0,0.074819,0.0,0.0,0.0,0.0,0.103334,0.0
R_GLYCK,0.0,0.0,0.0,0.0,0.0,0.0,0.0,0.0,0.0,0.0
R_ADCL,0.05,0.05,0.05,0.05,0.05,0.05,0.05,0.05,0.05,0.05
R_MOAT,0.0084,0.0084,0.0084,0.0084,0.0084,0.0084,0.0084,0.0084,0.0084,0.0084
R_EXinput_k_e,0.0,0.0,0.0,0.0,0.0,0.0,0.0,0.0,0.0,0.0
R_MAN6Pt6_2,0.0,0.0,0.0,0.0,0.0,3.396628,0.911637,1.68643194574,8.40641747722,8.31915318605
R_RMNt,0.0,0.0,0.0,0.0,0.0,0.0,0.0,0.0,0.0,0.0
R_EXinput_succ_e,0.0,0.0,0.0,0.0,0.0,0.0,0.0,0.0,0.0,0.0
R_MCITS,0.0,0.0,0.0,0.0,0.0,0.0,0.0,0.0,0.0,0.0
R_SPMS,0.007,0.007,0.007,0.007,0.007,0.007,0.007,0.007,0.007,0.007
R_GLYBt2r,0.0,0.0,0.0,0.0,0.0,0.0,0.0,0.0,0.0,0.0
R_DHPS2,0.05,0.05,0.05,0.05,0.05,0.05,0.05,0.05,0.05,0.05
R_HBZOPT,0.0,0.0,0.0,0.0,0.0,0.0,0.0,0.0,0.0,0.0
R_SERt2r,0.0,0.0,0.0,0.0,0.0,0.0,0.0,0.0,0.0,0.0
R_PROD2,0.0,0.0,0.0,0.0,0.0,0.0,0.0,0.0,0.0,0.0
R_DNTPPA,0.05,0.05,0.05,0.05,0.05,0.05,0.05,0.05,0.05,0.05
R_DHNAOT,0.0,0.0,0.0,0.0,0.0,0.0,0.0,0.0,0.0,0.0
R_LCAD,0.0,0.0,0.0,0.0,0.0,0.0,0.0,0.0,0.0,0.0
R_INSK,0.0,0.0,0.0,0.0,0.0,0.0,0.0,0.0,0.0,0.0
R_MNLpts,0.0,0.0,0.0,0.0,0.0,0.0,0.0,0.0,0.0,0.0
R_RNDR2,0.0254,0.5424,0.5424,0.0254,0.0254,0.0254,0.5424,0.5424,0.0254,0.5424
R_IGPS,0.054,0.054,0.054,0.054,0.054,0.054,0.054,0.054,0.054,0.054
R_FCLT,0.0,0.0,0.0,0.0,0.0,0.0,0.0,0.0,0.0,0.0
R_PYDAMK,0.0,0.0,0.0,0.0,0.0,0.0,0.0,0.0,0.0,0.0
R_ORNabc,0.0,0.0,0.0,0.0,0.0,0.0,0.0,0.0,0.0,0.0
R_RMPA,0.0,0.0,0.0,0.0,0.0,0.0,0.0,0.0,0.0,0.0
R_CAT,0.0,0.0,0.0,0.0,0.0,0.0,0.0,0.0,0.0,0.0
R_TMDK1,0.0,0.0,0.0,0.0,0.0,0.0,0.0,0.0,0.0,0.0
R_EXinput_dgsn_e,14.2391285635,0.0,0.0,0.0,0.0,9.57758619118,0.0,0.0,0.0,0.0
R_Kt2r,0.0,0.0,0.0,0.0,0.0,0.0,0.0,0.0,0.0,0.0
R_FMNAT,1e-05,1e-05,1e-05,1e-05,1e-05,1e-05,1e-05,1e-05,1e-05,1e-05
R_EXinput_xan_e,0.0,0.0,0.0,0.0,0.0,0.0,0.0,0.0,0.0,0.0
R_GUAPRT,0.0,0.0,0.0,0.0,0.0,0.0,0.0,0.0,0.0,0.0
R_EXoutput_lys_L_e,0.0,0.0,0.0,0.0,0.0,0.0,0.0,0.0,0.0,0.0
R_EDD,0.0,0.0,0.0,0.0,0.0,0.0,0.0,0.0,0.0,0.0
R_EXinput_12ppd_S_e,0.0,0.0,0.0,0.0,0.0,0.0,0.0,0.0,0.0,0.0
R_EDA,0.0,0.0,0.0,0.0,0.0,0.0,0.0,0.0,0.0,0.0
R_PRPPS,0.46183,0.939739,0.939739,0.939739,0.939739,0.46183,0.939739,0.939739,0.939739,0.939739
R_EX_pnto_R_e,0.0,0.0,0.0,0.0,0.0,0.0,0.0,0.0,0.0,0.0
R_DHAPT,0.0,4.9016007,0.91146330914,0.0,0.0,0.0,3.85321815,3.01948155814,7.32941286811,6.20545068605
R_SUCCt2_2,0.0,0.0,0.0,0.0,0.0,0.0,0.0,0.0,0.0,0.0
R_OMPHHX,0.0,0.0,0.0,0.0,0.0,0.0,0.0,0.0,0.0,0.0
R_UAGPT3,0.0276,0.0276,0.0276,0.0276,0.0276,0.0276,0.0276,0.0276,0.0276,0.0276
R_TMKr,0.0,0.0,0.0,0.0,0.0,0.0,0.0,0.0,0.0,0.0
R_PSSA_EC,0.11615,0.11615,0.11615,0.11615,0.11615,0.11615,0.11615,0.11615,0.11615,0.11615
R_DGK1,0.0,-0.517,-0.517,0.0,0.0,0.0,-0.517,-0.517,0.0,-0.517
R_CHRPL,0.0,0.0,0.0,0.0,0.0,0.0,0.0,0.0,0.0,0.0
R_SHK3Dr,0.411,0.411,0.411,0.411,0.411,0.411,0.411,0.411,0.411,0.411
R_SERD_L,0.0,0.0,0.0,0.0,0.0,0.0,0.0,0.0,0.0,0.0
R_U23GAAT,0.0168,0.0168,0.0168,0.0168,0.0168,0.0168,0.0168,0.0168,0.0168,0.0168
R_PRAGSr,0.0,0.477909,0.477909,0.477909,0.477909,0.0,0.477909,0.477909,0.477909,0.477909
R_ALLTNt2r,0.0,0.0,0.0,0.0,0.0,0.0,0.0,0.0,0.0,0.0
R_PPM2,14.2144285635,0.517,0.517,0.0,0.0,9.55288619118,0.517,0.517,0.0,0.517
R_GMAND,0.0,0.0,0.0,0.0,0.0,0.0,0.0,0.0,0.0,0.0
R_SPODM,0.0,0.0,0.0,0.0,0.0,0.0,0.0,0.0,0.0,0.0
R_ARBabc,0.0,0.0,0.0,0.0,0.0,0.0,0.0,0.0,0.0,0.0
R_DHCIND,0.0,0.0,0.0,0.0,0.0,0.0,0.0,0.0,0.0,0.0
R_SDPDS,0.3536,0.3536,0.3536,0.3536,0.3536,0.3536,0.3536,0.3536,0.3536,0.3536
R_ATPM,7.6,7.6,7.6,7.6,7.6,7.6,7.6,7.6,7.6,7.6
R_ACMAMUT,0.0,0.0,0.0,0.0,0.0,0.0,0.0,0.0,0.0,0.0
R_ACGAMT,0.0,0.0,0.0,0.0,0.0,0.0,0.0,0.0,0.0,0.0
R_EXinput_ala_L_e,0.0,0.0,0.0,0.0,68.814529,0.0,0.0,0.0,0.0,10.684463
R_SBTPD,0.0,0.0,0.0,0.0,0.0,0.0,0.0,0.0,0.0,0.0
R_GSNt2,0.0,0.0,0.0,0.0,0.0,0.0,0.0,0.0,0.0,0.0
R_MALTpts,0.0,0.0,0.0,0.0,0.0,0.0,0.0,0.0,0.0,0.0
R_PAPSR,0.233059,0.233059,0.233059,0.233059,0.233059,0.233059,0.233059,0.233059,0.233059,0.233059
R_ALLTAH,0.0,0.0,0.0,0.0,0.0,0.0,0.0,0.0,0.0,0.0
R_CLPNS_EC,0.00645,0.00645,0.00645,0.00645,0.00645,0.00645,0.00645,0.00645,0.00645,0.00645
R_PPND,0.131,0.131,0.131,0.131,0.131,0.131,0.131,0.131,0.131,0.131
R_EXoutput_glc_e,0.0,0.0,0.0,0.0,0.0,0.0,0.0,0.0,0.0,0.0
R_PDH,3.45596156354,16.4626097,9.86904875806,20.1864904877,0.114944,3.64420619118,16.32586415,11.0394265581,16.0186386906,15.4011498721
R_BUTCT,0.0,0.0,0.0,0.0,0.0,0.0,0.0,0.0,0.0,0.0
R_AACPS5,0.0,0.0,0.0,0.0,0.0,0.0,0.0,0.0,0.0,0.0
R_AACPS4,0.0,0.0,0.0,0.0,0.0,0.0,0.0,0.0,0.0,0.0
R_AACPS3,0.0,0.0,0.0,0.0,0.0,0.0,0.0,0.0,0.0,0.0
R_AACPS2,0.0,0.0,0.0,0.0,0.0,0.0,0.0,0.0,0.0,0.0
R_AACPS1,0.0,0.0,0.0,0.0,0.0,0.0,0.0,0.0,0.0,0.0
R_TAUDO,0.0,0.0,0.0,0.0,0.0,0.0,0.0,0.0,0.0,0.0
R_NTD9,0.0,0.0,0.0,0.0,0.0,0.0,0.0,0.0,0.0,0.0
R_NTD8,0.0,0.517,0.517,0.0,0.0,0.0,0.517,0.517,0.0,0.517
R_ACODA,0.323,0.323,0.323,0.323,0.323,0.323,0.323,0.323,0.323,0.323
R_GUAt,0.0,0.0,0.0,0.0,0.0,0.0,0.0,0.0,0.0,0.0
R_NTD1,0.0,0.0,0.0,0.0,0.0,0.0,0.0,0.0,0.0,0.0
R_NTD3,0.0,0.0,0.0,0.0,0.0,0.0,0.0,0.0,0.0,0.0
R_NTD2,0.0247,0.0,0.0,0.0,0.0,0.0247,0.0,0.0,0.0,0.0
R_NTD5,0.0,0.0,0.0,0.0,0.0,0.0,0.0,0.0,0.0,0.0
R_GLUDC,0.0,0.0,0.0,0.0,0.0,0.0,0.0,0.0,0.0,0.0
R_GLYCLTDx,0.0,0.0,0.0,0.0,0.0,0.0,0.0,0.0,0.0,0.0
R_GLYCLTDy,0.0,0.0,0.0,0.0,0.0,0.0,0.0,0.0,0.0,0.0
R_ACKr,-9.6854608453,-11.6178107,-2.56141859677,-14.4463069815,-46.2651551667,-7.33569338235,-11.48106515,-5.69502755814,-10.7242396906,-10.0567508721
R_MDRPD,0.007,0.007,0.007,0.007,0.007,0.007,0.007,0.007,0.007,0.007
R_EXoutput_succ_e,0.0,0.0,0.0,0.0,0.0,0.0,0.0,0.0,0.440403654676,0.0
R_GUAD,13.7612195635,0.0,0.0,0.0,0.0,9.09967719118,0.0,0.0,0.0,0.0
R_NAt3_1,0.0,0.0,0.0,0.0,0.0,0.0,0.0,0.0,0.0,0.0
R_EXoutput_acnam_e,0.0,0.0,0.0,0.0,0.0,0.0,0.0,0.0,0.0,0.0
R_GLUDy,-7.367197,-8.323015,-8.323015,1.93974917284,60.491514,-7.367197,-8.323015,-8.323015,0.0,2.361448
R_DHAt,0.0,-1.8051493,0.0,0.0,0.0,0.0,-3.76516885,0.0,0.0,0.0
R_PGPP_EC,0.0361,0.0361,0.0361,0.0361,0.0361,0.0361,0.0361,0.0361,0.0361,0.0361
R_EXinput_ile_L_e,0.0,0.0,0.0,0.0,0.0,0.0,0.0,0.0,0.0,0.0
R_GALt2,0.0,0.0,0.0,0.0,0.0,0.0,0.0,0.0,0.0,0.0
R_OHPHM,0.0,0.0,0.0,0.0,0.0,0.0,0.0,0.0,0.0,0.0
R_RNDR4,0.0,0.0247,0.0247,0.0247,0.0247,0.0,0.0247,0.0247,0.0247,0.0247
R_EXoutput_gam_e,0.0,0.0,0.0,0.0,0.0,0.0,0.0,0.0,0.0,0.0
R_GMPS2,0.0,0.27841,0.27841,0.27841,0.27841,0.0,0.27841,0.27841,0.27841,0.27841
R_PPCDC,5.89999999999e-05,5.89999999998e-05,5.89999999998e-05,5.89999999998e-05,5.90000000003e-05,5.90000000029e-05,5.89999999998e-05,5.89999999998e-05,5.90000000003e-05,5.89999999994e-05
R_PRAMPC,0.09,0.09,0.09,0.09,0.09,0.09,0.09,0.09,0.09,0.09
R_LYSt2r,0.0,0.0,0.0,0.0,0.0,0.0,0.0,0.0,0.0,0.0
R_EX_no2_e,0.0,0.0,0.0,0.0,0.0,0.0,0.0,0.0,0.0,0.0
R_GMHEPK,0.0252,0.0252,0.0252,0.0252,0.0252,0.0252,0.0252,0.0252,0.0252,0.0252
R_TDSK,0.0084,0.0084,0.0084,0.0084,0.0084,0.0084,0.0084,0.0084,0.0084,0.0084
R_EXoutput_glyclt_e,0.0,0.0,0.0,0.05,0.0,0.0,0.0,0.0,0.05,0.0
R_GMHEPAT,0.0252,0.0252,0.0252,0.0252,0.0252,0.0252,0.0252,0.0252,0.0252,0.0252
R_FFSD,0.0,0.0,0.0,0.0,0.0,0.0,0.0,0.0,0.0,0.0
R_VALt2r,0.0,0.0,0.0,0.0,0.0,0.0,0.0,0.0,0.0,0.0
R_DURIt2,0.0,0.0,0.0,0.0,0.0,0.0,0.0,0.0,0.0,0.0
R_URIDK2r,0.0,-0.0247,-0.0247,-0.0247,-0.0247,0.0,-0.0247,-0.0247,-0.0247,-0.0247
R_GLUt2r,0.0,0.0,0.0,0.0,0.0,0.0,0.0,0.0,0.0,0.0
R_NTRIR2x,0.0,0.0,0.0,0.0,0.0,0.0,0.0,0.0,0.0,0.0
R_VALabc,0.0,0.0,0.0,0.0,0.0,0.0,0.0,0.0,0.0,0.0
R_ASP1DC,5.89999999999e-05,5.89999999998e-05,5.89999999998e-05,5.89999999998e-05,5.90000000003e-05,5.90000000029e-05,5.89999999998e-05,5.89999999998e-05,5.90000000003e-05,5.89999999994e-05
R_CBMK,0.5961,0.5961,0.5961,0.5961,0.5961,0.5961,0.5961,0.5961,0.5961,0.5961
R_GALabc,0.0,0.0,0.0,0.0,0.0,0.0,0.0,0.0,0.0,0.0
R_ACHBS,0.276,0.276,0.276,0.276,0.276,0.276,0.276,0.276,0.276,0.276
R_UDPG4E,0.0,0.0,0.0,0.0,0.0,0.0,0.0,0.0,0.0,0.0
R_FBA,-1.446709,0.0,7.143399,-1.06912266667,-1.06912266667,0.0,0.0,5.45696705426,0.0,0.0
R_DMPPS,0.0,0.0,0.0,0.0,0.0,0.0,0.0,0.0,0.0,0.0
R_RHCCE,0.0,0.0,0.0,0.0,0.0,0.0,0.0,0.0,0.0,0.0
R_CYSabc,0.0,0.0,0.0,0.0,0.0,0.0,0.0,0.0,0.0,0.0
R_SHKK,0.411,0.411,0.411,0.411,0.411,0.411,0.411,0.411,0.411,0.411
R_GLUTRS,0.0,0.0,0.0,0.0,0.0,0.0,0.0,0.0,0.0,0.0
R_GLUTRR,0.0,0.0,0.0,0.0,0.0,0.0,0.0,0.0,0.0,0.0
R_PYDXPP,0.0,0.0,0.0,0.0,0.0,0.0,0.0,0.0,0.0,0.0
R_CBL1abc,0.0,0.0,0.0,0.0,0.0,0.0,0.0,0.0,0.0,0.0
R_ASPCT,0.3151,0.3151,0.3151,0.3151,0.3151,0.3151,0.3151,0.3151,0.3151,0.3151
R_G5SD,0.21,0.21,0.21,0.21,0.21,0.21,0.21,0.21,0.21,0.21
R_DHPPDA2,1e-05,1e-05,1e-05,1e-05,1e-05,1e-05,1e-05,1e-05,1e-05,1e-05
R_ACPS1,0.0,0.0,0.0,0.0,0.0,0.0,0.0,0.0,0.0,0.0
R_ANS,0.054,0.054,0.054,0.054,0.054,0.054,0.054,0.054,0.054,0.054
R_EXinput_so4_e,0.233059,0.233059,0.233059,0.233059,0.233059,0.233059,0.233059,0.233059,0.233059,0.233059
R_HSTPT,0.09,0.09,0.09,0.09,0.09,0.09,0.09,0.09,0.09,0.09
R_O2t,15.2903199088,17.5570827,20.0,20.0,20.0,14.7311397868,17.42033715,18.2255310581,14.8172181906,17.2450228721
R_12PPDt,0.0,0.0,0.0,0.0,0.0,0.0,0.0,0.0,0.0,0.0
R_INDOLEt2r,0.0,0.0,0.0,0.0,0.0,0.0,0.0,0.0,0.0,0.0
R_SUCFUMt,0.0,0.0,0.0,0.0,0.0,0.0,0.0,0.0,0.0,0.0
R_ADSL2r,0.0,0.477909,0.477909,0.477909,0.477909,0.0,0.477909,0.477909,0.477909,0.477909
R_HYXNt,0.0,0.0,0.0,0.0,0.0,0.0,0.0,0.0,0.0,0.0
R_NNAM,0.0,0.0,0.0,0.0,0.0,0.0,0.0,0.0,0.0,0.0
R_RNDR3,0.0,0.0254,0.0254,0.0254,0.0254,0.0254,0.0254,0.0254,0.0254,0.0
R_GLU5K,0.21,0.21,0.21,0.21,0.21,0.21,0.21,0.21,0.21,0.21
R_USHD,0.0084,0.0084,0.0084,0.0084,0.0084,0.0084,0.0084,0.0084,0.0084,0.0084
R_SHCHCS2,0.0,0.0,0.0,0.0,0.0,0.0,0.0,0.0,0.0,0.0
R_RBP4E,0.0,0.0,0.0,0.0,0.0,0.0,0.0,0.0,0.0,0.0
R_SULabc,0.233059,0.233059,0.233059,0.233059,0.233059,0.233059,0.233059,0.233059,0.233059,0.233059
R_PSD_EC,0.11355,0.11355,0.11355,0.11355,0.11355,0.11355,0.11355,0.11355,0.11355,0.11355
R_GALKr,0.0,0.0,0.0,0.0,0.0,0.0,0.0,0.0,0.0,0.0
R_PLIPA1,0.0,0.0,0.0,0.0,0.0,0.0,0.0,0.0,0.0,0.0
R_EXoutput_nh4_e,5.46630156354,0.0,0.937640448925,20.5103361543,58.130066,0.804759191176,0.0,0.0,0.0,0.0
R_EXoutput_val_L_e,0.0,0.0,0.0,0.0,0.0,0.0,0.0,0.0,0.0,0.0
R_GLCP,0.0,0.0,0.0,0.0,0.0,0.0,0.0,0.0,0.0,0.0
R_ICHORT,0.0,0.0,0.0,0.0,0.0,0.0,0.0,0.0,0.0,0.0
R_DKMPPD,0.007,0.007,0.007,0.0,0.0,0.007,0.007,0.007,0.007,0.007
R_DPCOAK,5.89999999999e-05,5.89999999998e-05,5.89999999998e-05,5.89999999998e-05,5.90000000003e-05,5.90000000029e-05,5.89999999998e-05,5.89999999998e-05,5.90000000003e-05,5.89999999994e-05
R_UACMAMO,0.0,0.0,0.0,0.0,0.0,0.0,0.0,0.0,0.0,0.0
R_FRUK,0.0,0.0,0.0,0.0,0.0,0.0,0.0,0.0,0.0,0.0
R_PNTK,5.89999999999e-05,5.89999999998e-05,5.89999999998e-05,5.89999999998e-05,5.90000000003e-05,5.90000000029e-05,5.89999999998e-05,5.89999999998e-05,5.90000000003e-05,5.89999999994e-05
R_FCLPA,0.0,0.0,0.0,0.0,0.0,0.0,0.0,0.0,0.0,0.0
R_TRPS2,0.0,0.0,0.0,0.0,0.0,0.0,0.0,0.0,0.0,0.0
R_MICITD,0.0,0.0,0.0,0.0,0.0,0.0,0.0,0.0,0.0,0.0
R_MCITL2,0.0,0.0,0.0,0.0,0.0,0.0,0.0,0.0,0.0,0.0
R_PROt4,0.0,0.0,0.0,0.0,0.0,0.0,0.0,0.0,0.0,0.0
R_UAGCVT,0.0276,0.0276,0.0276,0.0276,0.0276,0.0276,0.0276,0.0276,0.0276,0.0276
R_DMSOR1,0.0,0.0,0.0,0.0,0.0,0.0,0.0,0.0,0.0,0.0
R_DMSOR2,0.0,0.0,0.0,0.0,0.0,0.0,0.0,0.0,0.0,0.0
R_HPPPNDO,0.0,0.0,0.0,0.0,0.0,0.0,0.0,0.0,0.0,0.0
R_ORNDC,0.042,0.042,0.042,0.042,0.042,0.042,0.042,0.042,0.042,0.042
R_EXinput_val_L_e,0.0,0.0,0.0,0.0,0.0,0.0,0.0,0.0,0.0,0.0
R_2DGULRx,0.0,0.0,0.0,0.0,0.0,0.0,0.0,0.0,0.0,0.0
R_2DGULRy,0.0,0.0,0.0,0.0,0.0,0.0,0.0,0.0,0.0,0.0
R_DHDPRy,0.3536,0.3536,0.3536,0.3536,0.3536,0.3536,0.3536,0.3536,0.3536,0.3536
R_MLTP2,0.0,0.0,0.0,0.0,0.0,0.0,0.0,0.0,0.0,0.0
R_GF6PTA,0.072,0.0,0.0,0.072,0.072,0.072,0.0,0.0,0.072,0.072
R_NO3t7,0.0,0.0,0.0,0.0,0.0,0.0,0.0,0.0,0.0,0.0
R_GHMT2,1.099,1.576909,1.576909,1.134728,1.059909,1.099,1.576909,1.576909,1.163243,1.576909
R_MANpts,0.0,0.0,0.0,0.0,0.0,0.0,0.0,0.0,0.0,0.0
R_UDCPDP,0.0276,0.0276,0.0276,0.0276,0.0276,0.0276,0.0276,0.0276,0.0276,0.0276
R_EXoutput_dgsn_e,0.0,0.0,0.0,0.0,0.0,0.0,0.0,0.0,0.0,0.0
R_CYTDt2r,0.0,0.0,0.0,0.0,0.0,0.0,0.0,0.0,0.0,0.0
R_EXoutput_ala_L_e,0.0,0.0,0.0,0.0,0.0,0.0,0.0,0.0,0.0,0.0
R_HSK,0.0,0.0,0.0,0.517,0.517,0.0,0.0,0.0,0.517,0.0
R_PHEt2r,0.0,0.0,0.0,0.0,0.0,0.0,0.0,0.0,0.0,0.0
R_EXoutput_gly_e,0.0,0.0,0.0,0.0,0.0,0.0,0.0,0.0,0.0,0.0
R_TPI,-1.620989,4.7337707,7.88703230914,-1.24340266667,-1.24340266667,-0.16783,3.68538815,8.3086186124,7.16158286811,6.03762068605
R_ACCOAL,0.0,0.0,0.0,0.0,0.0,0.0,0.0,0.0,0.0,0.0
R_GRTT,0.0,0.0,0.0,0.0,0.0,0.0,0.0,0.0,0.0,0.0
R_DAPabc,0.0,0.0,0.0,0.0,0.0,0.0,0.0,0.0,0.0,0.0
R_ASPTA,-1.845988,-2.323897,-2.323897,7.49668617284,-2.840897,-1.845988,-2.323897,-2.323897,5.585452,-2.323897
R_NDPK8,0.0,0.0,0.0,0.0,0.0,0.0,0.0,0.0,0.0,0.0
R_NDPK7,0.0,0.0254,0.0254,0.0254,0.0254,0.0254,0.0254,0.0254,0.0254,0.0
R_NDPK6,0.0,0.0,0.0,0.0,0.0,0.0,0.0,0.0,0.0,0.0
R_NDPK5,0.0254,0.0254,0.0254,0.0254,0.0254,0.0254,0.0254,0.0254,0.0254,0.0254
R_NDPK4,0.0247,0.0247,0.0247,0.0247,0.0247,0.0247,0.0247,0.0247,0.0247,0.0247
R_NDPK3,0.194309,0.168909,0.168909,0.168909,0.168909,0.168909,0.168909,0.168909,0.168909,0.194309
R_NDPK2,0.3792,0.3792,0.3792,0.3792,0.3792,0.3792,0.3792,0.3792,0.3792,0.3792
R_NDPK1,0.775568,0.775568,0.775568,0.775568,0.775568,0.775568,0.775568,0.775568,0.775568,0.775568
R_DUTPDP,0.0,0.0,0.0,0.0,0.0,0.0,0.0,0.0,0.0,0.0
R_EX_glyc_e,0.0,0.0,0.0,0.0,0.0,0.0,0.0,0.0,0.0,0.0
R_HSST,0.146,0.146,0.146,0.146,0.146,0.146,0.146,0.146,0.146,0.146
R_ASPt2,0.0,0.0,0.0,31.1947991543,0.0,0.0,0.0,0.0,10.684463,0.0
R_EX_tyr_L_e,0.0,0.0,0.0,0.0,0.0,0.0,0.0,0.0,0.0,0.0
R_HISTD,0.09,0.09,0.09,0.09,0.09,0.09,0.09,0.09,0.09,0.09
R_GLNabc,0.0,0.0,0.0,0.0,0.0,0.0,0.0,0.0,0.0,0.0
R_AKGDH,2.62313328177,2.99999999995e-06,2.46283416129,0.945387506173,0.0,0.499603,2.99999999995e-06,0.499603,0.499603,0.499603
R_GALS3,0.0,0.0,0.0,0.0,0.0,0.0,0.0,0.0,0.0,0.0
R_GLCURt2r,0.0,0.0,0.0,0.0,0.0,0.0,0.0,0.0,0.0,0.0
R_TAURabc,0.0,0.0,0.0,0.0,0.0,0.0,0.0,0.0,0.0,0.0
R_GUI2,0.0,0.0,0.0,0.0,0.0,0.0,0.0,0.0,0.0,0.0
R_MLTP3,0.0,0.0,0.0,0.0,0.0,0.0,0.0,0.0,0.0,0.0
R_LACZ,0.0,0.0,0.0,0.0,0.0,0.0,0.0,0.0,0.0,0.0
R_EX_gua_e,0.0,0.0,0.0,0.0,0.0,0.0,0.0,0.0,0.0,0.0
R_ENO,9.34817156354,11.6703567,15.7612587581,-4.54909866667,-4.47427966667,9.53641619118,11.53361115,16.9316365581,12.2337893453,10.6088968721
R_THMDt2r,0.0,0.0,0.0,0.0,0.0,0.0,0.0,0.0,0.0,0.0
R_PFK,0.0,0.0,7.143399,0.0,0.0,0.0,0.0,5.45696705426,0.0,0.0
R_EXinput_fe2_e,0.0,0.0,0.0,0.0,0.0,0.0,0.0,0.0,0.0,0.0
R_TYRTA,-0.131,-0.131,-0.131,-0.131,-0.131,-0.131,-0.131,-0.131,-0.131,-0.131
R_ASAD,-0.4996,-0.4996,-0.4996,-1.0166,-1.0166,-0.4996,-0.4996,-0.4996,-1.0166,-0.4996
R_DDGLCNt2r,0.0,0.0,0.0,0.0,0.0,0.0,0.0,0.0,0.0,0.0
R_AMPN,0.0,0.0,0.0,0.0,0.0,0.0,0.0,0.0,0.0,0.0
R_KARA1i,0.830059,0.830059,0.830059,0.830059,0.830059,0.830059,0.830059,0.830059,0.830059,0.830059
R_SHCHD2,0.0,0.0,0.0,0.0,0.0,0.0,0.0,0.0,0.0,0.0
R_AMAOTr,0.0,0.0,0.0,0.0,0.0,0.0,0.0,0.0,0.0,0.0
R_ACCOACr,2.306787,2.306787,2.306787,2.306787,2.306787,2.306787,2.306787,2.306787,2.306787,2.306787
R_RNTR2,0.0,0.0,0.0,0.0,0.0,0.0,0.0,0.0,0.0,0.0
R_RNTR3,0.0254,0.0,0.0,0.0,0.0,0.0,0.0,0.0,0.0,0.0254
R_SULR,-0.233059,-0.233059,-0.233059,-0.233059,-0.233059,-0.233059,-0.233059,-0.233059,-0.233059,-0.233059
R_GND,1.182159,7.672421,6.44100541935,0.0,0.0,7.012566,7.672421,7.422621,0.00429582733811,2.0803895
R_NMNAT,0.0,0.0,0.0,0.0,0.0,0.0,0.0,0.0,0.0,0.0
R_EXoutput_asp_L_e,0.0,0.0,0.0,0.0,0.0,0.0,0.0,0.0,0.0,0.0
R_LCARS,0.0,0.0,0.0,0.0,0.0,0.0,0.0,0.0,0.0,0.0
R_AKGt2r,0.0,0.0,0.0,0.0,0.0,0.0,0.0,0.0,0.0,0.0
R_MANAO,0.0,0.0,0.0,0.0,0.0,0.0,0.0,0.0,0.0,0.0
R_EXinput_ura_e,0.0,0.0,0.0,0.0,0.0,0.0,0.0,0.0,0.0,0.0
R_GSNK,0.477909,0.517,0.517,0.0,0.0,0.477909,0.517,0.517,0.0,0.517
R_NMNP,0.0,0.0,0.0,0.0,0.0,0.0,0.0,0.0,0.0,0.0
R_GLUN,0.0,0.0,0.0,0.0,0.0,0.0,0.0,0.0,0.0,0.0
R_ADHEr,0.0,0.0,0.0,0.0,6.82108816667,0.0,0.0,0.0,0.0,0.0
R_2DGLCNRy,0.0,0.0,0.0,0.0,0.0,0.0,0.0,0.0,0.0,0.0
R_EX_acald_e,0.0,0.0,0.0,0.0,0.0,0.0,0.0,0.0,0.0,0.0
R_DXYLK,0.0,0.0,0.0,0.0,0.0,0.0,0.0,0.0,0.0,0.0
R_GLYATi,0.0,0.0,0.0,0.0,0.0,0.0,0.0,0.0,0.0,0.0
R_DKMPPD2,0.0,0.0,0.0,0.007,0.007,0.0,0.0,0.0,0.0,0.0
R_RBK_L1,0.0,0.0,0.0,0.0,0.0,0.0,0.0,0.0,0.0,0.0
R_ADSL1r,0.289499,0.289499,0.289499,0.289499,0.289499,0.289499,0.289499,0.289499,0.289499,0.289499
R_NAMNPP,0.0,0.0,0.0,0.0,0.0,0.0,0.0,0.0,0.0,0.0
R_PTAr,9.6854608453,11.6178107,2.56141859677,14.4463069815,46.2651551667,7.33569338235,11.48106515,5.69502755814,10.7242396906,10.0567508721
R_NADH10,0.0,0.0,0.0,0.0,0.0,0.0,0.0,0.0,0.0,0.0
R_EX_thr_L_e,0.0,0.0,0.0,0.0,0.0,0.0,0.0,0.0,0.0,0.0
R_CYTDK2,0.0,0.0,0.0,0.0,0.0,0.0,0.0,0.0,0.0,0.0
R_GLYCTO3,0.0,0.0,0.0,0.0,0.0,0.0,0.0,0.0,0.0,0.0
R_ADOCBLS,0.0,0.0,0.0,0.0,0.0,0.0,0.0,0.0,0.0,0.0
R_EXinput_gly_e,0.0,0.0,0.0,0.0,0.0,0.0,0.0,0.0,0.0,0.0
R_TRPAS2,-0.054,-0.054,-0.054,-0.054,-0.054,-0.054,-0.054,-0.054,-0.054,-0.054
R_CINNDO,0.0,0.0,0.0,0.0,0.0,0.0,0.0,0.0,0.0,0.0
R_EX_glyald_e,0.0,0.0,0.0,0.0,0.0,0.0,0.0,0.0,0.0,0.0
R_DAAD,0.0,0.0,0.0,0.0,0.0,0.0,0.0,0.0,0.0,0.0
R_ACBIPGT,0.0,0.0,0.0,0.0,0.0,0.0,0.0,0.0,0.0,0.0
R_NTD11,0.0,0.0,0.0,0.0,0.0,0.0,0.0,0.0,0.0,0.0
R_RNDR1,0.0,0.0,0.0,0.0,0.0,0.0,0.0,0.0,0.0,0.0
R_TRPt2r,0.0,0.0,0.0,0.0,0.0,0.0,0.0,0.0,0.0,0.0
R_VPAMT,0.0,0.0,0.0,0.0,0.402,0.0,0.0,0.0,0.0,0.402
R_GMPR,0.199499,0.0,0.0,0.0,0.0,0.199499,0.0,0.0,0.0,0.0
R_DGSNt2,14.2391285635,0.0,0.0,0.0,0.0,9.57758619118,0.0,0.0,0.0,0.0
R_EXinput_h2o_e,0.0,0.0,0.0,0.0,54.4798021667,0.0,0.0,0.0,0.0,0.0
R_IPDPS,0.0,0.0,0.0,0.0,0.0,0.0,0.0,0.0,0.0,0.0
R_ILEt2r,0.0,0.0,0.0,0.0,0.0,0.0,0.0,0.0,0.0,0.0
R_SBTpts,0.0,0.0,0.0,0.0,0.0,0.0,0.0,0.0,0.0,0.0
R_EX_gsn_e,0.0,0.0,0.0,0.0,0.0,0.0,0.0,0.0,0.0,0.0
R_ICL,0.0,0.0,0.0,0.0,0.0,0.0,0.0,0.0,0.0,0.0
R_ABTA,0.0,0.0,0.0,0.0,0.0,0.0,0.0,0.0,0.0,0.0
R_HYD2,0.0,0.0,0.0,0.0,0.0,0.0,0.0,0.0,0.0,0.0
R_HYD3,0.0,0.0,0.0,0.0,0.0,0.0,0.0,0.0,0.0,0.0
R_HYD1,0.0,0.0,0.0,0.0,0.0,0.0,0.0,0.0,0.0,0.0
R_PPNCL2,5.89999999999e-05,5.89999999998e-05,5.89999999998e-05,5.89999999998e-05,5.90000000003e-05,5.90000000029e-05,5.89999999998e-05,5.89999999998e-05,5.90000000003e-05,5.89999999994e-05
R_NTPTP2,0.0,0.0,0.0,0.0,0.0,0.0,0.0,0.0,0.0,0.0
R_OMBZLM,0.0,0.0,0.0,0.0,0.0,0.0,0.0,0.0,0.0,0.0
R_MECDPDH,0.0,0.0,0.0,0.0,0.0,0.0,0.0,0.0,0.0,0.0
R_NTD4,0.0,0.0,0.0,0.0,0.0,0.0,0.0,0.0,0.0,0.0
R_SUCBZS,0.0,0.0,0.0,0.0,0.0,0.0,0.0,0.0,0.0,0.0
R_TMPKr,0.0,0.0,0.0,0.0,0.0,0.0,0.0,0.0,0.0,0.0
R_ENTCS,0.0,0.0,0.0,0.0,0.0,0.0,0.0,0.0,0.0,0.0
R_TSULabc,0.0,0.0,0.0,0.0,0.0,0.0,0.0,0.0,0.0,0.0
R_UAG2Ei,0.0,0.0,0.0,0.0,0.0,0.0,0.0,0.0,0.0,0.0
R_GLGC,0.154,0.154,0.154,0.154,0.154,0.154,0.154,0.154,0.154,0.154
R_GMHEPPA,0.0252,0.0252,0.0252,0.0252,0.0252,0.0252,0.0252,0.0252,0.0252,0.0252
R_TREHe,0.0,0.0,0.0,0.0,0.0,0.0,0.0,0.0,0.0,0.0
R_PTA2,0.0,0.0,0.0,0.0,0.0,0.0,0.0,0.0,0.0,0.0
R_ARAI,0.0,0.0,0.0,0.0,0.0,0.0,0.0,0.0,0.0,0.0
R_L_LACD2,0.0,0.0,0.0,0.0,0.0,0.0,0.0,0.0,0.0,0.0
R_EDTXS4,0.0,0.0,0.0,0.0,0.0,0.0,0.0,0.0,0.0,0.0
R_EDTXS3,0.0,0.0,0.0,0.0,0.0,0.0,0.0,0.0,0.0,0.0
R_EDTXS2,0.0084,0.0084,0.0084,0.0084,0.0084,0.0084,0.0084,0.0084,0.0084,0.0084
R_EDTXS1,0.0084,0.0084,0.0084,0.0084,0.0084,0.0084,0.0084,0.0084,0.0084,0.0084
R_M1PD,0.0,0.0,0.0,0.0,0.0,0.0,0.0,0.0,0.0,0.0
R_H2Ot,0.0,-14.0208807,-31.5528520511,-11.9481563457,54.4798021667,-7.69804780882,-12.97249815,-29.0295916124,-19.0964950408,-21.416362186
R_SUCCt2_3,0.0,0.0,0.0,0.0,0.0,0.0,0.0,0.0,0.0,0.0
R_ASPO3,0.00273000000001,0.00273,0.00273000000001,0.00273,0.00272700000001,0.00273,0.00273,0.00273,0.00273,0.00273
R_SSALx,0.0,0.0,0.0,0.0,0.0,0.0,0.0,0.0,0.0,0.0
R_ASPO5,0.0,0.0,0.0,0.0,2.99999999998e-06,0.0,0.0,0.0,0.0,0.0
R_ASPO4,0.0,0.0,0.0,0.0,0.0,0.0,0.0,0.0,0.0,0.0
R_ASPO6,0.0,0.0,0.0,0.0,0.0,0.0,0.0,0.0,0.0,0.0
R_EX_pppn_e,0.0,0.0,0.0,0.0,0.0,0.0,0.0,0.0,0.0,0.0
R_EX_na1_e,0.0,0.0,0.0,0.0,0.0,0.0,0.0,0.0,0.0,0.0
R_UNK3,0.007,0.007,0.007,0.007,0.007,0.007,0.007,0.007,0.007,0.007
R_GLYALDt,0.0,0.0,0.0,0.0,0.0,0.0,0.0,0.0,0.0,0.0
R_DHCINDO,0.0,0.0,0.0,0.0,0.0,0.0,0.0,0.0,0.0,0.0
R_VALTA,-0.402,-0.402,-0.402,-0.402,0.0,-0.402,-0.402,-0.402,-0.402,0.0
R_TARTRt7,0.0,0.0,0.0,0.0,0.0,0.0,0.0,0.0,0.0,0.0
R_BPNT,0.233059,0.233059,0.233059,0.233059,0.233059,0.233059,0.233059,0.233059,0.233059,0.233059
R_3HCINNMH,0.0,0.0,0.0,0.0,0.0,0.0,0.0,0.0,0.0,0.0
R_EX_spmd_e,0.0,0.0,0.0,0.0,0.0,0.0,0.0,0.0,0.0,0.0
R_EXinput_glcn_e,0.0,0.0,0.0,0.0,0.0,0.0,0.0,0.0,0.0,0.0
R_PHETA1,-0.176,-0.176,-0.176,-0.176,-0.176,-0.176,-0.176,-0.176,-0.176,-0.176
R_DMQMT,0.0,0.0,0.0,0.0,0.0,0.0,0.0,0.0,0.0,0.0
R_EX_nmn_e,0.0,0.0,0.0,0.0,0.0,0.0,0.0,0.0,0.0,0.0
R_AMMQT8_2,0.0,0.0,0.0,0.0,0.0,0.0,0.0,0.0,0.0,0.0
R_UREAt,0.0,0.0,0.0,0.0,0.0,0.0,0.0,0.0,0.0,0.0
R_HETZK,0.0,0.0,0.0,0.0,0.0,0.0,0.0,0.0,0.0,0.0
R_EX_ttdca_e,0.0,0.0,0.0,0.0,0.0,0.0,0.0,0.0,0.0,0.0
R_MDH,3.24362928177,1.098408,3.56123916129,0.0,1.098405,1.120099,1.098408,1.598008,-3.975249,1.598008
R_EX_dcyt_e,0.0,0.0,0.0,0.0,0.0,0.0,0.0,0.0,0.0,0.0
R_DOGULNR,0.0,0.0,0.0,0.0,0.0,0.0,0.0,0.0,0.0,0.0
R_GUI1,0.0,0.0,0.0,0.0,0.0,0.0,0.0,0.0,0.0,0.0
R_BSORx,0.0,0.0,0.0,0.0,0.0,0.0,0.0,0.0,0.0,0.0
R_BSORy,0.0,0.0,0.0,0.0,0.0,0.0,0.0,0.0,0.0,0.0
R_XYLI2i,0.0,0.0,0.0,0.0,0.0,0.0,0.0,0.0,0.0,0.0
R_LCTSt,0.0,0.0,0.0,0.0,0.0,0.0,0.0,0.0,0.0,0.0
R_G5SADs,0.21,0.21,0.21,0.21,0.21,0.21,0.21,0.21,0.21,0.21
R_TDPGDH,0.0,0.0,0.0,0.0,0.0,0.0,0.0,0.0,0.0,0.0
R_ARGDC,0.0,0.0,0.0,0.0,0.0,0.0,0.0,0.0,0.0,0.0
R_GLUCYS,0.0,0.0,0.0,0.0,0.0,0.0,0.0,0.0,0.0,0.0
R_NO2t2r,0.0,0.0,0.0,0.0,0.0,0.0,0.0,0.0,0.0,0.0
R_ILETA,-0.276,-0.276,-0.276,-0.276,-0.276,-0.276,-0.276,-0.276,-0.276,-0.276
R_PGM,-9.34817156354,-11.6703567,-15.7612587581,4.54909866667,4.47427966667,-9.53641619118,-11.53361115,-16.9316365581,-12.2337893453,-10.6088968721
R_HMBS,0.0,0.0,0.0,0.0,0.0,0.0,0.0,0.0,0.0,0.0
R_PGK,-11.0013805635,-13.8014747,-17.8923767581,2.86016166667,2.86016166667,-11.1896251912,-13.66472915,-19.0627545581,-13.9512413453,-12.7400148721
R_PGI,-1.355959,-7.846221,-6.61480541935,-0.1738,-0.1738,-7.186366,-7.846221,-7.596421,-0.178095827338,-2.2541895
R_PTRCabc,0.0,0.0,0.0,0.0,0.0,0.0,0.0,0.0,0.0,0.0
R_UGLYCH,0.0,0.0,0.0,0.0,0.0,0.0,0.0,0.0,0.0,0.0
R_BUTt2r,0.0,0.0,0.0,0.0,0.0,0.0,0.0,0.0,0.0,0.0
R_EX_phe_L_e,0.0,0.0,0.0,0.0,0.0,0.0,0.0,0.0,0.0,0.0
R_AST,0.0,0.0,0.0,0.0,0.0,0.0,0.0,0.0,0.0,0.0
R_UAPGR,0.0276,0.0276,0.0276,0.0276,0.0276,0.0276,0.0276,0.0276,0.0276,0.0276
R_TRPS3,0.054,0.054,0.054,0.054,0.054,0.054,0.054,0.054,0.054,0.054
R_MALTabc,0.0,0.0,0.0,0.0,0.0,0.0,0.0,0.0,0.0,0.0
R_TRPS1,0.0,0.0,0.0,0.0,0.0,0.0,0.0,0.0,0.0,0.0
R_GLCRAL,0.0,0.0,0.0,0.0,0.0,0.0,0.0,0.0,0.0,0.0
R_EXoutput_12ppd_S_e,0.0,0.0,0.0,0.0,0.0,0.0,0.0,0.0,0.0,0.0
R_Kabc,0.0,0.0,0.0,0.0,0.0,0.0,0.0,0.0,0.0,0.0
R_F6PA,-0.00645,6.70675,0.91146330914,-0.00645,-0.00645,0.0,7.618387,3.01948155814,7.32941286811,6.20545068605
R_SPMDabc,0.0,0.0,0.0,0.0,0.0,0.0,0.0,0.0,0.0,0.0
R_GUAt2,0.0,0.0,0.0,0.0,0.0,0.0,0.0,0.0,0.0,0.0
R_DURIPP,-0.0247,0.0,0.0,0.0,0.0,-0.0247,0.0,0.0,0.0,0.0
R_NADDP,0.0,0.0,0.0,0.0,0.0,0.0,0.0,0.0,0.0,0.0
R_EXoutput_thm_e,0.0,0.0,0.0,0.0,0.0,0.0,0.0,0.0,0.0,0.0
R_AADDGT,0.0,0.0,0.0,0.0,0.0,0.0,0.0,0.0,0.0,0.0
R_BiomassEcoli,1.0,1.0,1.0,1.0,1.0,1.0,1.0,1.0,1.0,1.0
R_ACOATA,0.0,0.0,0.0,0.0,0.0,0.0,0.0,0.0,0.0,0.0
R_AGPR,-0.323,-0.323,-0.323,-0.323,-0.323,-0.323,-0.323,-0.323,-0.323,-0.323
R_PRMICIi,0.09,0.09,0.09,0.09,0.09,0.09,0.09,0.09,0.09,0.09
R_SPMDAT1,0.0,0.0,0.0,0.0,0.0,0.0,0.0,0.0,0.0,0.0
R_CHLt2r,0.0,0.0,0.0,0.0,0.0,0.0,0.0,0.0,0.0,0.0
R_KARA2i,0.276,0.276,0.276,0.276,0.276,0.276,0.276,0.276,0.276,0.276
R_TRDR,0.308559,0.850259,0.850259,0.333259,0.333259,0.308559,0.850259,0.850259,0.333259,0.850259
R_FRUpts2,0.0,0.0,0.0,0.0,0.0,0.0,0.0,0.0,0.0,0.0
R_EXoutput_so4_e,0.0,0.0,0.0,0.0,0.0,0.0,0.0,0.0,0.0,0.0
R_FE2abc,0.0,0.0,0.0,0.0,0.0,0.0,0.0,0.0,0.0,0.0
R_UAGDP,0.072,0.072,0.072,0.072,0.072,0.072,0.072,0.072,0.072,0.072
R_MLTP1,0.0,0.0,0.0,0.0,0.0,0.0,0.0,0.0,0.0,0.0
R_GDMANE,0.0,0.0,0.0,0.0,0.0,0.0,0.0,0.0,0.0,0.0
R_EX_chol_e,0.0,0.0,0.0,0.0,0.0,0.0,0.0,0.0,0.0,0.0
R_3HPPPNH,0.0,0.0,0.0,0.0,0.0,0.0,0.0,0.0,0.0,0.0
R_NADTRHD,0.0,0.0,0.0,0.0,52.429234,0.0,0.0,0.0,0.0,0.0
R_CSNt2,0.0,0.0,0.0,0.0,0.0,0.0,0.0,0.0,0.0,0.0
R_FCLK,0.0,0.0,0.0,0.0,0.0,0.0,0.0,0.0,0.0,0.0
R_DURIK1,0.0247,0.0,0.0,0.0,0.0,0.0247,0.0,0.0,0.0,0.0
R_UDPGD,0.0,0.0,0.0,0.0,0.0,0.0,0.0,0.0,0.0,0.0
R_EX_alltn_e,0.0,0.0,0.0,0.0,0.0,0.0,0.0,0.0,0.0,0.0
R_MCITD,0.0,0.0,0.0,0.0,0.0,0.0,0.0,0.0,0.0,0.0
R_DMSOR1e,0.0,0.0,0.0,0.0,0.0,0.0,0.0,0.0,0.0,0.0
R_C120SN,0.042,0.042,0.042,0.042,0.042,0.042,0.042,0.042,0.042,0.042
R_2DGLCNRx,0.0,0.0,0.0,0.0,0.0,0.0,0.0,0.0,0.0,0.0
R_EX_nac_e,0.0,0.0,0.0,0.0,0.0,0.0,0.0,0.0,0.0,0.0
R_NTPP1,0.0,0.0,0.0,0.0,0.0,0.0,0.0,0.0,0.0,0.0
R_KDOPS,0.042,0.042,0.042,0.042,0.042,0.042,0.042,0.042,0.042,0.042
R_MAN6PI,0.0,0.0,0.0,0.0,0.0,3.396628,0.911637,1.68643194574,8.40641747722,8.31915318605
R_MEPCT,0.0,0.0,0.0,0.0,0.0,0.0,0.0,0.0,0.0,0.0
R_ACACCT,0.0,0.0,0.0,0.0,0.0,0.0,0.0,0.0,0.0,0.0
R_NMNDA,0.0,0.0,0.0,0.0,0.0,0.0,0.0,0.0,0.0,0.0
R_EX_ser_D_e,0.0,0.0,0.0,0.0,0.0,0.0,0.0,0.0,0.0,0.0
R_LGTHL,0.0,0.0,0.0,0.0,0.0,0.0,0.0,0.0,0.0,0.0
R_SUCBZL,0.0,0.0,0.0,0.0,0.0,0.0,0.0,0.0,0.0,0.0
R_EXinput_glyclt_e,0.0,0.0,0.0,0.0,0.0,0.0,0.0,0.0,0.0,0.0
R_NADPPPS,0.0,0.0,0.0,0.0,0.0,0.0,0.0,0.0,0.0,0.0
R_LDH_D,0.0,0.0,0.0,0.0,0.0,0.0,0.0,0.0,0.0,0.0
R_CBLAT_DELETE,0.0,0.0,0.0,0.0,0.0,0.0,0.0,0.0,0.0,0.0
R_EX_cynt_e,0.0,0.0,0.0,0.0,0.0,0.0,0.0,0.0,0.0,0.0
R_EXinput_thm_e,0.0,0.0,0.0,0.0,0.0,0.0,0.0,0.0,0.0,0.0
R_APRAUR,1e-05,1e-05,1e-05,1e-05,1e-05,1e-05,1e-05,1e-05,1e-05,1e-05
R_GTPCII2,1e-05,1e-05,1e-05,1e-05,1e-05,1e-05,1e-05,1e-05,1e-05,1e-05
R_EX_crn_e,0.0,0.0,0.0,0.0,0.0,0.0,0.0,0.0,0.0,0.0
R_DALAt2r,0.0,0.0,0.0,0.0,0.0,0.0,0.0,0.0,0.0,0.0
R_FRUpts,0.0,0.0,0.0,0.0,0.0,0.0,0.0,0.0,0.0,0.0
R_EXinput_malttr_e,0.0,0.0,0.0,0.0,0.0,0.0,0.0,0.0,0.0,0.0
R_PROabc,0.0,0.0,0.0,0.0,0.0,0.0,0.0,0.0,0.0,0.0
R_CRNCDH,0.0,0.0,0.0,0.0,0.0,0.0,0.0,0.0,0.0,0.0
R_EX_pyr_e,0.0,0.0,0.0,0.0,0.0,0.0,0.0,0.0,0.0,0.0
R_NADS1,0.00273000000001,0.00273,0.00273000000001,0.00273,0.00273000000001,0.00273,0.00273,0.00273,0.00273,0.00273
R_EX_asn_L_e,0.0,0.0,0.0,0.0,0.0,0.0,0.0,0.0,0.0,0.0
R_AGMT,0.0,0.0,0.0,0.0,0.0,0.0,0.0,0.0,0.0,0.0
R_SERASr,0.0,0.0,0.0,0.0,0.0,0.0,0.0,0.0,0.0,0.0
R_PSERT,1.653209,2.131118,2.131118,1.688937,1.614118,1.653209,2.131118,2.131118,1.717452,2.131118
R_DB4PS,2e-05,2e-05,2e-05,2e-05,2e-05,2e-05,2e-05,2e-05,2e-05,2e-05
R_EXinput_asp_L_e,0.0,0.0,0.0,31.1947991543,0.0,0.0,0.0,0.0,10.684463,0.0
R_SUCCabc,0.0,0.0,0.0,0.0,0.0,0.0,0.0,0.0,0.0,0.0
R_HEMEOS,0.0,0.0,0.0,0.0,0.0,0.0,0.0,0.0,0.0,0.0
R_MALS,0.05,0.05,0.05,0.0,0.05,0.05,0.05,0.05,0.0,0.05
R_TALA,0.1929,2.175754,1.76528213978,-0.209386333333,-0.209386333333,2.136369,2.175754,2.09248733333,-0.207954390887,0.3117435
R_GNK,0.0,0.0,0.0,0.0,0.0,0.0,0.0,0.0,0.0,0.0
R_HKNTDH,0.0,0.0,0.0,0.0,0.0,0.0,0.0,0.0,0.0,0.0
R_GLUABUTt7,0.0,0.0,0.0,0.0,0.0,0.0,0.0,0.0,0.0,0.0
R_TMAOR2,0.0,0.0,0.0,0.0,0.0,0.0,0.0,0.0,0.0,0.0
R_IMPC,-0.09,-0.567909,-0.567909,-0.567909,-0.567909,-0.09,-0.567909,-0.567909,-0.567909,-0.567909
R_MLTG1,0.0,0.0,0.0,0.0,0.0,0.0,0.0,0.0,0.0,0.0
R_EX_leu_L_e,0.0,0.0,0.0,0.0,0.0,0.0,0.0,0.0,0.0,0.0
R_GALCTt2r,0.0,0.0,0.0,0.0,0.0,0.0,0.0,0.0,0.0,0.0
R_UPPRT,0.0,0.0,0.0,0.0,0.0,0.0,0.0,0.0,0.0,0.0
R_CRNt7,0.0,0.0,0.0,0.0,0.0,0.0,0.0,0.0,0.0,0.0
R_ADEt2r,0.0,0.0,0.0,0.0,0.0,0.0,0.0,0.0,0.0,0.0
R_UMPK,0.3264,0.3511,0.3511,0.3511,0.3511,0.3264,0.3511,0.3511,0.3511,0.3511
R_ACONT,3.73373328177,1.110603,3.57343416129,2.05598750617,1.1106,1.610203,1.110603,1.610203,1.610203,1.610203
R_GLUR,-0.0276,-0.0276,-0.0276,-0.0276,-0.0276,-0.0276,-0.0276,-0.0276,-0.0276,-0.0276
R_EX_ac_e,10.2583198453,22.8751327,3.13427759677,15.0191659815,46.8380141667,7.90855238235,22.73838715,6.26788655814,11.2970986906,10.6296098721
R_PPNDH,0.176,0.176,0.176,0.176,0.176,0.176,0.176,0.176,0.176,0.176
R_UAMAS,0.0276,0.0276,0.0276,0.0276,0.0276,0.0276,0.0276,0.0276,0.0276,0.0276
R_A5PISO,0.042,0.042,0.042,0.042,0.042,0.042,0.042,0.042,0.042,0.042
R_GTHOr,0.0,0.0,0.0,0.0,0.0,0.0,0.0,0.0,0.0,0.0
R_GP4GH,0.0,0.0,0.0,0.0,0.0,0.0,0.0,0.0,0.0,0.0
R_PUNP6,0.0,0.0,0.0,0.0,0.0,0.0,0.0,0.0,0.0,0.0
R_PUNP1,-0.007,-0.007,-0.007,-0.007,-0.007,-0.007,-0.007,-0.007,-0.007,-0.007
R_AMPMS,0.0,0.0,0.0,0.0,0.0,0.0,0.0,0.0,0.0,0.0
R_PUNP2,0.0,0.0,0.0,0.0,0.0,0.0,0.0,0.0,0.0,0.0
R_NNDMBRT,0.0,0.0,0.0,0.0,0.0,0.0,0.0,0.0,0.0,0.0
R_EX_thymd_e,0.0,0.0,0.0,0.0,0.0,0.0,0.0,0.0,0.0,0.0
R_IPDDIi,0.0,0.0,0.0,0.0,0.0,0.0,0.0,0.0,0.0,0.0
R_OP4ENH,0.0,0.0,0.0,0.0,0.0,0.0,0.0,0.0,0.0,0.0
R_PAPA_EC,0.0,0.0,0.0,0.0,0.0,0.0,0.0,0.0,0.0,0.0
R_DHBSr,0.0,0.0,0.0,0.0,0.0,0.0,0.0,0.0,0.0,0.0
R_EXoutput_fe2_e,0.0,0.0,0.0,0.0,0.0,0.0,0.0,0.0,0.0,0.0
R_ACALDi,13.6974285635,0.0,0.0,0.0,0.0,9.03588619118,0.0,0.0,0.0,0.0
R_EX_cys_L_e,0.0,0.0,0.0,0.0,0.0,0.0,0.0,0.0,0.0,0.0
R_SADT2,0.233059,0.233059,0.233059,0.233059,0.233059,0.233059,0.233059,0.233059,0.233059,0.233059
R_DSERt2r,0.0,0.0,0.0,0.0,0.0,0.0,0.0,0.0,0.0,0.0
R_CDPMEK,0.0,0.0,0.0,0.0,0.0,0.0,0.0,0.0,0.0,0.0
R_UAMAGS,0.0276,0.0276,0.0276,0.0276,0.0276,0.0276,0.0276,0.0276,0.0276,0.0276
R_GLCRt2r,0.0,0.0,0.0,0.0,0.0,0.0,0.0,0.0,0.0,0.0
R_SERD_D,0.0,0.0,0.0,0.0,0.0,0.0,0.0,0.0,0.0,0.0
R_PRAIi,0.054,0.054,0.054,0.054,0.054,0.054,0.054,0.054,0.054,0.054
R_IMPD,0.0,0.27841,0.27841,0.27841,0.27841,0.0,0.27841,0.27841,0.27841,0.27841
R_LPSSYN_EC,0.0084,0.0084,0.0084,0.0084,0.0084,0.0084,0.0084,0.0084,0.0084,0.0084
R_ALATA_L2,0.0,0.0,0.0,0.0,0.0,0.0,0.0,0.0,0.0,0.0
R_EX_nad_e,0.0,0.0,0.0,0.0,0.0,0.0,0.0,0.0,0.0,0.0
R_EX_cit_e,0.0,0.0,0.0,0.0,0.0,0.0,0.0,0.0,0.0,0.0
R_TMDPP,0.0,0.0,0.0,0.0,0.0,0.0,0.0,0.0,0.0,0.0
R_MTHFR2,0.196,0.196,0.196,0.196,0.196,0.196,0.196,0.196,0.196,0.196
R_ANPRT,0.054,0.054,0.054,0.054,0.054,0.054,0.054,0.054,0.054,0.054
R_ATPS4r,36.1087707459,52.3485876,54.8512464839,64.1732228457,44.4466448333,40.2120292353,51.7104417,50.824058938,42.0256164868,46.2243540698
R_CYSDS,0.0,0.0,0.0,0.0,0.0,0.0,0.0,0.0,0.0,0.0
R_MECDPS,0.0,0.0,0.0,0.0,0.0,0.0,0.0,0.0,0.0,0.0
R_RNTR1,0.0247,0.0247,0.0247,0.0247,0.0247,0.0247,0.0247,0.0247,0.0247,0.0247
R_PUNP7,0.0,0.0,0.0,0.0,0.0,0.0,0.0,0.0,0.0,0.0
R_EXinput_3hcinnm_e,0.0,0.0,0.0,0.0,0.0,0.0,0.0,0.0,0.0,0.0
R_ASNabc,0.0,0.0,0.0,0.0,0.0,0.0,0.0,0.0,0.0,0.0
R_EXoutput_galct_D_e,0.0,0.0,0.0,0.0,0.0,0.0,0.0,0.0,0.0,0.0
R_TARTD,0.0,0.0,0.0,0.0,0.0,0.0,0.0,0.0,0.0,0.0
R_GPDDA5,0.0,0.0,0.0,0.0,0.0,0.0,0.0,0.0,0.0,0.0
R_GPDDA4,0.0,0.0,0.0,0.0,0.0,0.0,0.0,0.0,0.0,0.0
R_GPDDA3,0.0,0.0,0.0,0.0,0.0,0.0,0.0,0.0,0.0,0.0
R_GPDDA2,0.0,0.0,0.0,0.0,0.0,0.0,0.0,0.0,0.0,0.0
R_GPDDA1,0.0,0.0,0.0,0.0,0.0,0.0,0.0,0.0,0.0,0.0
R_GLCt2,0.0,0.0,0.0,0.0,0.0,0.0,0.0,0.0,0.0,0.0
R_URAt2r,0.0,0.0,0.0,0.0,0.0,0.0,0.0,0.0,0.0,0.0
R_AMANK,0.0,10.684463,0.0,0.0,0.0,0.0,10.684463,0.0,0.0,0.0
R_DAPE,0.3536,0.3536,0.3536,0.3536,0.3536,0.3536,0.3536,0.3536,0.3536,0.3536
R_EXoutput_ura_e,0.0,0.0,0.0,0.0,0.0,0.0,0.0,0.0,0.0,0.0
R_LEUTAi,0.428,0.428,0.428,0.428,0.428,0.428,0.428,0.428,0.428,0.428
R_EXoutput_pi_e,0.0,0.0,0.0,0.0,0.0,2.484991,0.0,0.774794945736,7.49478047722,7.40751618605
R_ALLTN,0.0,0.0,0.0,0.0,0.0,0.0,0.0,0.0,0.0,0.0
R_NTPP6,0.0,0.0,0.0,0.0,0.0,0.0,0.0,0.0,0.0,0.0
R_NTPP7,0.0,0.0,0.0,0.0,0.0,0.0,0.0,0.0,0.0,0.0
R_NPHS,0.0,0.0,0.0,0.0,0.0,0.0,0.0,0.0,0.0,0.0
R_NTPP5,0.0,0.0,0.0,0.0,0.0,0.0,0.0,0.0,0.0,0.0
R_NTPP2,0.0,0.0,0.0,0.0,0.0,0.0,0.0,0.0,0.0,0.0
R_NTPP3,0.0,0.0,0.0,0.0,0.0,0.0,0.0,0.0,0.0,0.0
R_AB6PGH,0.0,0.0,0.0,0.0,0.0,0.0,0.0,0.0,0.0,0.0
R_DHNPA2,0.05,0.05,0.05,0.05,0.05,0.05,0.05,0.05,0.05,0.05
R_C161SN,0.018963,0.018963,0.018963,0.018963,0.018963,0.018963,0.018963,0.018963,0.018963,0.018963
R_PYK,6.12047956354,3.541064,0.0,0.0,0.0,6.30872419118,4.452701,0.0,4.01277647722,1.17575418605
R_THDPS,0.3536,0.3536,0.3536,0.3536,0.3536,0.3536,0.3536,0.3536,0.3536,0.3536
R_MALTTRabc,0.0,0.0,0.0,0.0,0.0,0.0,0.0,0.0,0.0,0.0
R_CHORS,0.411,0.411,0.411,0.411,0.411,0.411,0.411,0.411,0.411,0.411
R_CPPPGO,0.0,0.0,0.0,0.0,0.0,0.0,0.0,0.0,0.0,0.0
R_GLYOX,0.0,0.0,0.0,0.0,0.0,0.0,0.0,0.0,0.0,0.0
R_DCTPD,0.0,0.0,0.0,0.0,0.0,0.0,0.0,0.0,0.0,0.0
R_EX_rmn_e,0.0,0.0,0.0,0.0,0.0,0.0,0.0,0.0,0.0,0.0
R_DHORTS,-0.3151,-0.3151,-0.3151,-0.3151,-0.3151,-0.3151,-0.3151,-0.3151,-0.3151,-0.3151
R_PYDXK,0.0,0.0,0.0,0.0,0.0,0.0,0.0,0.0,0.0,0.0
R_HCO3E,2.306787,2.784696,2.784696,2.784696,2.784696,2.306787,2.784696,2.784696,2.784696,2.784696
R_ACGS,0.323,0.323,0.323,0.323,0.323,0.323,0.323,0.323,0.323,0.323
R_TDPADGAT,0.0,0.0,0.0,0.0,0.0,0.0,0.0,0.0,0.0,0.0
R_CHORM,0.307,0.307,0.307,0.307,0.307,0.307,0.307,0.307,0.307,0.307
R_ATPPRT,0.09,0.09,0.09,0.09,0.09,0.09,0.09,0.09,0.09,0.09
R_RBFSb,1e-05,1e-05,1e-05,1e-05,1e-05,1e-05,1e-05,1e-05,1e-05,1e-05
R_IDOND,0.0,0.0,0.0,0.0,0.0,0.0,0.0,0.0,0.0,0.0
R_EX_dad_2_e,0.0,0.0,0.0,0.0,0.0,0.0,0.0,0.0,0.0,0.0
R_PGSA_EC,0.0361,0.0361,0.0361,0.0361,0.0361,0.0361,0.0361,0.0361,0.0361,0.0361
R_XANt,-13.7612195635,0.0,0.0,0.0,0.0,-9.09967719118,0.0,0.0,0.0,0.0
R_EXinput_uri_e,0.0,0.0,0.0,0.0,0.0,0.0,0.0,0.0,0.0,0.0
R_GOFUCR,0.0,0.0,0.0,0.0,0.0,0.0,0.0,0.0,0.0,0.0
R_PPS,0.0,0.0,0.0,0.0,8.21897166667,0.0,0.0,0.0,0.0,0.0
R_NTPTP1,0.0,0.0,0.0,0.0,0.0,0.0,0.0,0.0,0.0,0.0
R_NNDPR,0.00273000000001,0.00273,0.00273000000001,0.00273,0.00273000000001,0.00273,0.00273,0.00273,0.00273,0.00273
R_FUM,3.19362928177,1.048408,3.51123916129,22.8510084877,1.048405,1.070099,1.048408,1.548008,3.36571834532,1.548008
R_TREpts,0.0,0.0,0.0,0.0,0.0,0.0,0.0,0.0,0.0,0.0
R_4HTHRS,0.0,0.0,0.0,0.0,0.0,0.0,0.0,0.0,0.0,0.0
R_ACONMT,0.0,0.0,0.0,0.0,0.0,0.0,0.0,0.0,0.0,0.0
R_EX_indole_e,0.0,0.0,0.0,0.0,0.0,0.0,0.0,0.0,0.0,0.0
R_PPC,2.336092,2.336092,2.336092,0.0,2.853092,2.336092,2.336092,2.336092,0.0,2.336092
R_GTPCI,0.05,0.05,0.05,0.05,0.05,0.05,0.05,0.05,0.05,0.05
R_EX_fuc_L_e,0.0,0.0,0.0,0.0,0.0,0.0,0.0,0.0,0.0,0.0
R_DDGLK,0.0,0.0,0.0,0.0,0.0,0.0,0.0,0.0,0.0,0.0
R_EXinput_nh4_e,0.0,0.0,0.0,0.0,0.0,0.0,0.0,0.0,0.0,0.0
R_PPM,-0.460209,-0.524,-0.524,-0.007,-0.007,-0.460209,-0.524,-0.524,-0.007,-0.524
R_EX_2ddglcn_e,0.0,0.0,0.0,0.0,0.0,0.0,0.0,0.0,0.0,0.0
R_SUCCt2b,0.0,0.0,0.0,0.0,0.0,0.0,0.0,0.0,0.440403654676,0.0
R_CITt7,0.0,0.0,0.0,0.0,0.0,0.0,0.0,0.0,0.0,0.0
R_EX_orn_e,0.0,0.0,0.0,0.0,0.0,0.0,0.0,0.0,0.0,0.0
R_PSCVT,0.411,0.411,0.411,0.411,0.411,0.411,0.411,0.411,0.411,0.411
R_MACPD,0.0,0.0,0.0,0.0,0.0,0.0,0.0,0.0,0.0,0.0
R_ADSK,0.233059,0.233059,0.233059,0.233059,0.233059,0.233059,0.233059,0.233059,0.233059,0.233059
R_PEAMNO,0.0,0.0,0.0,0.0,0.0,0.0,0.0,0.0,0.0,0.0
R_FAO3,0.0,0.0,0.0,0.0,0.0,0.0,0.0,0.0,0.0,0.0
R_TDPDRR,0.0,0.0,0.0,0.0,0.0,0.0,0.0,0.0,0.0,0.0
R_FCI,0.0,0.0,0.0,0.0,0.0,0.0,0.0,0.0,0.0,0.0
R_ADSS,0.289499,0.289499,0.289499,0.289499,0.289499,0.289499,0.289499,0.289499,0.289499,0.289499
R_GLYCLTt2r,0.0,0.0,0.0,-0.05,0.0,0.0,0.0,0.0,-0.05,0.0
R_PUNP3,-0.477909,-0.517,-0.517,0.0,0.0,-0.477909,-0.517,-0.517,0.0,-0.517
R_SGDS,0.0,0.0,0.0,0.0,0.0,0.0,0.0,0.0,0.0,0.0
R_EX_csn_e,0.0,0.0,0.0,0.0,0.0,0.0,0.0,0.0,0.0,0.0
R_DTMPK,0.0247,0.0247,0.0247,0.0247,0.0247,0.0247,0.0247,0.0247,0.0247,0.0247
R_SERt4,0.0,0.0,0.0,0.0,0.0,0.0,0.0,0.0,0.0,0.0
R_ASPt2_3,0.0,0.0,0.0,0.0,0.0,0.0,0.0,0.0,0.0,0.0
R_ASPt2_2,0.0,0.0,0.0,0.0,0.0,0.0,0.0,0.0,0.0,0.0
R_FUCt,0.0,0.0,0.0,0.0,0.0,0.0,0.0,0.0,0.0,0.0
R_ACOTA,-0.323,-0.323,-0.323,-0.323,-0.323,-0.323,-0.323,-0.323,-0.323,-0.323
R_TRE6PS,0.0,0.0,0.0,0.0,0.0,0.0,0.0,0.0,0.0,0.0
R_TRE6PP,0.0,0.0,0.0,0.0,0.0,0.0,0.0,0.0,0.0,0.0
R_ALAabc,0.0,0.0,0.0,0.0,0.0,0.0,0.0,0.0,0.0,0.0
R_DHQD,0.411,0.411,0.411,0.411,0.411,0.411,0.411,0.411,0.411,0.411
R_ALAt2r,0.0,0.0,0.0,0.0,68.814529,0.0,0.0,0.0,0.0,10.684463
R_EX_malthx_e,0.0,0.0,0.0,0.0,0.0,0.0,0.0,0.0,0.0,0.0
R_PTRCORNt7,0.0,0.0,0.0,0.0,0.0,0.0,0.0,0.0,0.0,0.0
R_CBIAT_DELETE,0.0,0.0,0.0,0.0,0.0,0.0,0.0,0.0,0.0,0.0
R_EXoutput_k_e,0.0,0.0,0.0,0.0,0.0,0.0,0.0,0.0,0.0,0.0
R_TGBPA,0.0,0.0,0.0,0.0,0.0,0.0,0.0,0.0,0.0,0.0
R_MOHMT,5.89999999999e-05,5.89999999998e-05,5.89999999998e-05,5.89999999998e-05,5.90000000003e-05,5.90000000029e-05,5.89999999998e-05,5.89999999998e-05,5.90000000003e-05,5.89999999994e-05
R_ACLS,0.830059,0.830059,0.830059,0.830059,0.830059,0.830059,0.830059,0.830059,0.830059,0.830059
R_DNMPPA,0.05,0.05,0.05,0.05,0.05,0.05,0.05,0.05,0.05,0.05
R_ASNt2r,0.0,0.0,0.0,0.0,0.0,0.0,0.0,0.0,0.0,0.0
R_RNTR4,0.0,0.0,0.0,0.0,0.0,0.0,0.0,0.0,0.0,0.0
R_GLUt4,0.0,0.0,0.0,0.0,0.0,0.0,0.0,0.0,0.0,0.0
R_TRE6PH,0.0,0.0,0.0,0.0,0.0,0.0,0.0,0.0,0.0,0.0
R_DHQS,0.411,0.411,0.411,0.411,0.411,0.411,0.411,0.411,0.411,0.411
R_GLCS1,0.154,0.154,0.154,0.154,0.154,0.154,0.154,0.154,0.154,0.154
R_PUNP5,0.0,0.0,0.0,0.0,0.0,0.0,0.0,0.0,0.0,0.0
R_G1PP,0.0,0.0,0.0,0.0,0.0,0.0,0.0,0.0,0.0,0.0
R_PUNP4,14.2391285635,0.517,0.517,0.0,0.0,9.57758619118,0.517,0.517,0.0,0.517
R_EX_15dap_e,0.0,0.0,0.0,0.0,0.0,0.0,0.0,0.0,0.0,0.0
R_MALTPTabc,0.0,0.0,0.0,0.0,0.0,0.0,0.0,0.0,0.0,0.0
R_S7PI,0.0252,0.0252,0.0252,0.0252,0.0252,0.0252,0.0252,0.0252,0.0252,0.0252
R_EXoutput_ile_L_e,0.0,0.0,0.0,0.0,0.0,0.0,0.0,0.0,0.0,0.0
R_C160SN,0.097524,0.097524,0.097524,0.097524,0.097524,0.097524,0.097524,0.097524,0.097524,0.097524
R_EX_xtsn_e,0.0,0.0,0.0,0.0,0.0,0.0,0.0,0.0,0.0,0.0
R_OCBT,0.281,0.281,0.281,0.281,0.281,0.281,0.281,0.281,0.281,0.281
R_THD2,9.54373371823,0.0,0.0,0.0,0.0,0.0,0.0,0.0,0.0,0.0
R_EX_no3_e,0.0,0.0,0.0,0.0,0.0,0.0,0.0,0.0,0.0,0.0
R_EX_26dap_M_e,0.0,0.0,0.0,0.0,0.0,0.0,0.0,0.0,0.0,0.0
R_EX_melib_e,0.0,0.0,0.0,0.0,0.0,0.0,0.0,0.0,0.0,0.0
R_EX_gbbtn_e,0.0,0.0,0.0,0.0,0.0,0.0,0.0,0.0,0.0,0.0
R_SUCD1i,2.62313028177,0.0,2.46283116129,0.945384506173,0.0,0.4996,0.0,0.4996,0.0591963453237,0.4996
R_ACALDt,0.0,0.0,0.0,0.0,0.0,0.0,0.0,0.0,0.0,0.0
R_EX_galctn_D_e,0.0,0.0,0.0,0.0,0.0,0.0,0.0,0.0,0.0,0.0
R_PAPPT3,0.0276,0.0276,0.0276,0.0276,0.0276,0.0276,0.0276,0.0276,0.0276,0.0276
R_EXinput_glc_e,0.0,0.0,0.0,0.0,0.0,0.0,0.0,0.0,0.0,0.0
R_PPBNGS,0.0,0.0,0.0,0.0,0.0,0.0,0.0,0.0,0.0,0.0
R_CYTK1,0.177509,0.177509,0.177509,0.177509,0.177509,0.177509,0.177509,0.177509,0.177509,0.177509
R_GLYCTO2,0.05,0.05,0.05,0.0,0.05,0.05,0.05,0.05,0.0,0.05
R_RBFK,1e-05,1e-05,1e-05,1e-05,1e-05,1e-05,1e-05,1e-05,1e-05,1e-05
R_CYTK2,0.0,0.0,0.0,0.0,0.0,0.0,0.0,0.0,0.0,0.0
R_DAGK_EC,0.0168,0.0168,0.0168,0.0168,0.0168,0.0168,0.0168,0.0168,0.0168,0.0168
R_CMPN,0.0,0.0,0.0,0.0,0.0,0.0,0.0,0.0,0.0,0.0
R_ABUTt2,0.0,0.0,0.0,0.0,0.0,0.0,0.0,0.0,0.0,0.0
R_EX_glyb_e,0.0,0.0,0.0,0.0,0.0,0.0,0.0,0.0,0.0,0.0
R_LPLIPA5,0.0,0.0,0.0,0.0,0.0,0.0,0.0,0.0,0.0,0.0
R_ACGApts,0.0,0.0,0.0,0.0,0.0,0.0,0.0,0.0,0.0,0.0
R_UPP3MT,0.0,0.0,0.0,0.0,0.0,0.0,0.0,0.0,0.0,0.0
R_HISt2r,0.0,0.0,0.0,0.0,0.0,0.0,0.0,0.0,0.0,0.0
R_MALTTTRabc,0.0,0.0,0.0,0.0,0.0,0.0,0.0,0.0,0.0,0.0
R_PEPT_EC,0.0168,0.0168,0.0168,0.0168,0.0168,0.0168,0.0168,0.0168,0.0168,0.0168
R_EX_glyc3p_e,0.0,0.0,0.0,0.0,0.0,0.0,0.0,0.0,0.0,0.0
R_C181SN,0.13545,0.13545,0.13545,0.13545,0.13545,0.13545,0.13545,0.13545,0.13545,0.13545
R_P5CR,0.21,0.21,0.21,0.21,0.21,0.21,0.21,0.21,0.21,0.21
R_URIt2r,0.0,0.0,0.0,0.0,0.0,0.0,0.0,0.0,0.0,0.0
R_EX_for_e,0.0,0.0,0.0,0.0,57.6664573333,0.0,0.0,0.0,0.0,0.0
R_CYNTt2,0.0,0.0,0.0,0.0,0.0,0.0,0.0,0.0,0.0,0.0
R_NH4t,-5.46630156354,0.0,-0.937640448925,-20.5103361543,-58.130066,-0.804759191176,0.0,0.0,0.0,0.0
R_G3PD6,0.0,0.0,0.0,0.0,0.0,0.0,0.0,0.0,0.0,0.0
R_G3PD7,0.0,0.0,0.0,0.0,0.0,0.0,0.0,0.0,0.0,0.0
R_G3PD5,0.0,0.0,0.0,0.0,0.0,0.0,0.0,0.0,0.0,0.0
R_G3PD2,-0.17155,-0.1651,-0.1651,-0.17155,-0.17155,-0.1651,-0.1651,-0.1651,-0.1651,-0.1651
R_THRD,0.0,0.0,0.0,0.0,0.0,0.0,0.0,0.0,0.0,0.0
R_AIRC3,0.0,-0.477909,-0.477909,-0.477909,-0.477909,0.0,-0.477909,-0.477909,-0.477909,-0.477909
R_AIRC2,0.0,0.477909,0.477909,0.477909,0.477909,0.0,0.477909,0.477909,0.477909,0.477909
R_CYNTAH,0.0,0.0,0.0,0.0,0.0,0.0,0.0,0.0,0.0,0.0
R_EX_dmso_e,0.0,0.0,0.0,0.0,0.0,0.0,0.0,0.0,0.0,0.0
R_THRt4,0.0,0.0,0.0,0.0,0.0,0.0,0.0,0.0,0.0,0.0
R_TYRt2r,0.0,0.0,0.0,0.0,0.0,0.0,0.0,0.0,0.0,0.0
R_HOPNTAL,0.0,0.0,0.0,0.0,0.0,0.0,0.0,0.0,0.0,0.0
R_TMAOR1e,0.0,0.0,0.0,0.0,0.0,0.0,0.0,0.0,0.0,0.0
R_P5CD,0.0,0.0,0.0,0.0,0.0,0.0,0.0,0.0,0.0,0.0
R_ADNt2r,0.0,0.0,0.0,0.0,0.0,0.0,0.0,0.0,0.0,0.0
R_SGSAD,0.0,0.0,0.0,0.0,0.0,0.0,0.0,0.0,0.0,0.0
R_EX_gln_L_e,0.0,0.0,0.0,0.0,0.0,0.0,0.0,0.0,0.0,0.0
R_NMNt7,0.0,0.0,0.0,0.0,0.0,0.0,0.0,0.0,0.0,0.0
R_OCDCAt2,0.0,0.0,0.0,0.0,0.0,0.0,0.0,0.0,0.0,0.0
R_DXPS,0.0,0.0,0.0,0.0,0.0,0.0,0.0,0.0,0.0,0.0
R_GALU,0.0198,0.0198,0.0198,0.0198,0.0198,0.0198,0.0198,0.0198,0.0198,0.0198
R_SUCD4,2.62313028177,0.0,2.46283116129,0.945384506173,0.0,0.4996,0.0,0.4996,0.0591963453237,0.4996
R_CYANST,0.0,0.0,0.0,0.0,0.0,0.0,0.0,0.0,0.0,0.0
R_IGPDH,0.09,0.09,0.09,0.09,0.09,0.09,0.09,0.09,0.09,0.09
R_MGSA,0.0,0.0,0.0,0.0,0.0,0.0,0.0,0.0,0.0,0.0
R_POX,0.0,0.0,0.0,0.0,0.0,0.0,0.0,0.0,0.0,0.0
R_LPLIPA2,0.0,0.0,0.0,0.0,0.0,0.0,0.0,0.0,0.0,0.0
R_LPLIPA3,0.0,0.0,0.0,0.0,0.0,0.0,0.0,0.0,0.0,0.0
R_DMSOR2e,0.0,0.0,0.0,0.0,0.0,0.0,0.0,0.0,0.0,0.0
R_LPLIPA1,0.0,0.0,0.0,0.0,0.0,0.0,0.0,0.0,0.0,0.0
R_DAPDC,0.326,0.326,0.326,0.326,0.326,0.326,0.326,0.326,0.326,0.326
R_EX_dms_e,0.0,0.0,0.0,0.0,0.0,0.0,0.0,0.0,0.0,0.0
R_LPLIPA4,0.0,0.0,0.0,0.0,0.0,0.0,0.0,0.0,0.0,0.0
R_FRD2,0.0,0.0,0.0,0.0,0.0,0.0,0.0,0.0,0.0,0.0
R_GLYC3Pt6,0.0,0.0,0.0,0.0,0.0,0.0,0.0,0.0,0.0,0.0
R_EX_ocdca_e,0.0,0.0,0.0,0.0,0.0,0.0,0.0,0.0,0.0,0.0
R_CYTBD,0.0,0.0,0.0,0.0,0.0,0.0,0.0,0.0,0.0,0.0
R_METabc,0.0,0.0,0.0,0.0,0.0,0.0,0.0,0.0,0.0,0.0
R_ETOHt2r,0.0,0.0,0.0,0.0,-6.82108816667,0.0,0.0,0.0,0.0,0.0
R_GK1,0.27841,0.79541,0.79541,0.27841,0.27841,0.27841,0.79541,0.79541,0.27841,0.79541
R_EX_taur_e,0.0,0.0,0.0,0.0,0.0,0.0,0.0,0.0,0.0,0.0
R_G6Pt6_2,0.0,0.0,0.0,0.0,0.0,0.0,0.0,0.0,0.0,0.0
R_PMDPHT,1e-05,1e-05,1e-05,1e-05,1e-05,1e-05,1e-05,1e-05,1e-05,1e-05
R_PPA,2.602996,3.359315,3.359315,3.359315,3.359315,2.602996,3.359315,3.359315,3.359315,3.359315
R_XYLK,0.0,0.0,0.0,0.0,0.0,0.0,0.0,0.0,0.0,0.0
R_SADH,0.0,0.0,0.0,0.0,0.0,0.0,0.0,0.0,0.0,0.0
R_CRNCBCT,0.0,0.0,0.0,0.0,0.0,0.0,0.0,0.0,0.0,0.0
R_XYLabc,0.0,0.0,0.0,0.0,0.0,0.0,0.0,0.0,0.0,0.0
R_TKT1,0.2181,2.200954,1.79048213978,-0.184186333333,-0.184186333333,2.161569,2.200954,2.11768733333,-0.182754390887,0.3369435
R_LDH_D2,0.0,0.0,0.0,0.0,0.0,0.0,0.0,0.0,0.0,0.0
R_EX_co2_e,11.6096231271,24.9044547,22.0051405,53.1819396543,0.0,13.3812141912,24.76770915,20.2306715581,27.2616198633,19.2501633721
R_NO3R2,0.0,0.0,0.0,0.0,0.0,0.0,0.0,0.0,0.0,0.0
R_CYTBO3,30.5666398177,35.1001654,39.986,40.0,40.0,29.4482795735,34.8266743,36.4370621163,29.6204363813,34.4760457442
R_NO3R1,0.0,0.0,0.0,0.0,0.0,0.0,0.0,0.0,0.0,0.0
R_EX_mnl_e,0.0,0.0,0.0,0.0,0.0,0.0,0.0,0.0,0.0,0.0
R_CO2t,-11.6096231271,-24.9044547,-22.0051405,-53.1819396543,0.0,-13.3812141912,-24.76770915,-20.2306715581,-27.2616198633,-19.2501633721
R_AICART,0.09,0.567909,0.567909,0.567909,0.567909,0.09,0.567909,0.567909,0.567909,0.567909
R_GLYt2r,0.0,0.0,0.0,0.0,0.0,0.0,0.0,0.0,0.0,0.0
R_FUMt2_3,0.0,0.0,0.0,0.0,0.0,0.0,0.0,0.0,0.0,0.0
R_FUMt2_2,0.0,0.0,0.0,0.0,0.0,0.0,0.0,0.0,0.0,0.0
R_XANt2,0.0,0.0,0.0,0.0,0.0,0.0,0.0,0.0,0.0,0.0
R_XTSNt2r,0.0,0.0,0.0,0.0,0.0,0.0,0.0,0.0,0.0,0.0
R_ETHAAL,0.0,0.0,0.0,0.0,0.0,0.0,0.0,0.0,0.0,0.0
R_IDOND2,0.0,0.0,0.0,0.0,0.0,0.0,0.0,0.0,0.0,0.0
R_LPLIPA6,0.0,0.0,0.0,0.0,0.0,0.0,0.0,0.0,0.0,0.0
R_EXinput_gam_e,0.0,0.0,11.6221034489,0.0,0.0,0.0,0.0,10.684463,0.0,0.0
R_EX_man_e,0.0,0.0,0.0,0.0,0.0,0.0,0.0,0.0,0.0,0.0
R_PYAM5PO,0.0,0.0,0.0,0.0,0.0,0.0,0.0,0.0,0.0,0.0
R_ALDD19x,0.0,0.0,0.0,0.0,0.0,0.0,0.0,0.0,0.0,0.0
R_FDH3,0.0,0.0,0.0,0.0,0.0,0.0,0.0,0.0,0.0,0.0
R_FDH2,0.845271,0.367362,0.367362,0.0,0.0,0.845271,0.367362,0.367362,0.05703,0.367362
R_GALTpts,0.0,0.0,0.0,0.0,0.0,0.0,0.0,0.0,0.0,0.0
R_PIabc,0.0,0.0,0.0,0.0,0.0,0.0,0.0,0.0,0.0,0.0
R_NTD10,0.0,0.0,0.0,0.0,0.0,0.0,0.0,0.0,0.0,0.0
R_HEX1,0.0,0.0,0.0,0.0,0.0,0.0,0.0,0.0,0.0,0.0
R_GLTPD,0.0,0.0,0.0,0.0,0.0,0.0,0.0,0.0,0.0,0.0
R_TMAOR2e,0.0,0.0,0.0,0.0,0.0,0.0,0.0,0.0,0.0,0.0
R_MTRK,0.007,0.007,0.007,0.007,0.007,0.007,0.007,0.007,0.007,0.007
R_DHFS,0.05,0.05,0.05,0.05,0.05,0.05,0.05,0.05,0.05,0.05
R_DHFR,0.0747,0.0747,0.0747,0.0747,0.0747,0.0747,0.0747,0.0747,0.0747,0.0747
R_BETALDHy,0.0,0.0,0.0,0.0,0.0,0.0,0.0,0.0,0.0,0.0
R_BETALDHx,0.0,0.0,0.0,0.0,0.0,0.0,0.0,0.0,0.0,0.0
R_GALCTD,0.0,0.0,0.0,0.0,0.0,0.0,0.0,0.0,0.0,0.0
R_LEUt2r,0.0,0.0,0.0,0.0,0.0,0.0,0.0,0.0,0.0,0.0
R_EX_acgam_e,0.0,0.0,0.0,0.0,0.0,0.0,0.0,0.0,0.0,0.0
R_EX_ptrc_e,0.0,0.0,0.0,0.0,0.0,0.0,0.0,0.0,0.0,0.0
R_FTHFD,0.788241,0.310332,0.310332,0.0,0.0,0.788241,0.310332,0.310332,0.0,0.310332
R_DKGLCNR2y,0.0,0.0,0.0,0.0,0.0,0.0,0.0,0.0,0.0,0.0
R_DKGLCNR2x,0.0,0.0,0.0,0.0,0.0,0.0,0.0,0.0,0.0,0.0
R_EX_duri_e,0.0,0.0,0.0,0.0,0.0,0.0,0.0,0.0,0.0,0.0
R_MELIBt2,0.0,0.0,0.0,0.0,0.0,0.0,0.0,0.0,0.0,0.0
R_NTD7,0.0,0.0,0.0,0.0,0.0,0.0,0.0,0.0,0.0,0.0
R_METS,0.146,0.146,0.146,0.146,0.146,0.146,0.146,0.146,0.146,0.146
R_ACACT1r,0.0,0.0,0.0,0.0,0.0,0.0,0.0,0.0,0.0,0.0
R_MAN1PT2,0.0,0.0,0.0,0.0,0.0,0.0,0.0,0.0,0.0,0.0
R_OCTDPS,0.0,0.0,0.0,0.0,0.0,0.0,0.0,0.0,0.0,0.0
R_ARGSS,0.281,0.281,0.281,0.281,0.281,0.281,0.281,0.281,0.281,0.281
R_METDabc,0.0,0.0,0.0,0.0,0.0,0.0,0.0,0.0,0.0,0.0
R_HKNDDH,0.0,0.0,0.0,0.0,0.0,0.0,0.0,0.0,0.0,0.0
R_SUCOAS,-2.12353028177,0.4996,-1.96323116129,-0.445784506173,0.499603,0.0,0.4996,0.0,0.0,0.0
R_PGL,1.182159,7.672421,6.44100541935,0.0,0.0,7.012566,7.672421,7.422621,0.00429582733811,2.0803895
R_PGLYCP,0.0,0.0,0.0,0.0,0.0,0.0,0.0,0.0,0.0,0.0
R_ALAR,0.0552,0.0552,0.0552,0.0552,0.0552,0.0552,0.0552,0.0552,0.0552,0.0552
R_UAAGDS,0.0276,0.0276,0.0276,0.0276,0.0276,0.0276,0.0276,0.0276,0.0276,0.0276
R_PSP_L,1.653209,2.131118,2.131118,1.688937,1.614118,1.653209,2.131118,2.131118,1.717452,2.131118
R_AP5AH,0.0,0.0,0.0,0.0,0.0,0.0,0.0,0.0,0.0,0.0
R_ICDHyr,3.73373328177,1.110603,3.57343416129,2.05598750617,1.1106,1.610203,1.110603,1.610203,1.610203,1.610203
R_EX_fuc1p_L_e,0.0,0.0,0.0,0.0,0.0,0.0,0.0,0.0,0.0,0.0
R_EXoutput_h2o_e,0.0,14.0208807,31.5528520511,11.9481563457,0.0,7.69804780882,12.97249815,29.0295916124,19.0964950408,21.416362186
R_SOTA,0.0,0.0,0.0,0.0,0.0,0.0,0.0,0.0,0.0,0.0
R_EX_arg_L_e,0.0,0.0,0.0,0.0,0.0,0.0,0.0,0.0,0.0,0.0
R_EX_idon_L_e,0.0,0.0,0.0,0.0,0.0,0.0,0.0,0.0,0.0,0.0
R_C140SN,0.013818,0.013818,0.013818,0.013818,0.013818,0.013818,0.013818,0.013818,0.013818,0.013818
R_PDX5PS,0.0,0.0,0.0,0.0,0.0,0.0,0.0,0.0,0.0,0.0
R_PFL,0.0,0.0,0.0,0.0,57.8160953333,0.0,0.0,0.0,0.0,0.0
R_OHPBAT,0.0,0.0,0.0,0.0,0.0,0.0,0.0,0.0,0.0,0.0
R_MNNH,0.0,0.0,0.0,0.0,0.0,0.0,0.0,0.0,0.0,0.0
R_EXoutput_malttr_e,0.0,0.0,0.0,0.0,0.0,0.0,0.0,0.0,0.0,0.0
R_NAt3_2,0.0,0.0,0.0,0.0,0.0,0.0,0.0,0.0,0.0,0.0
R_RMI,0.0,0.0,0.0,0.0,0.0,0.0,0.0,0.0,0.0,0.0
R_EX_tsul_e,0.0,0.0,0.0,0.0,0.0,0.0,0.0,0.0,0.0,0.0
R_SDPTA,-0.3536,-0.3536,-0.3536,-0.3536,-0.3536,-0.3536,-0.3536,-0.3536,-0.3536,-0.3536
R_DADNt2,0.0,0.0,0.0,0.0,0.0,0.0,0.0,0.0,0.0,0.0
R_FHL,0.0,0.0,0.0,0.0,0.0,0.0,0.0,0.0,0.0,0.0
R_ARGabc,0.0,0.0,0.0,0.0,0.0,0.0,0.0,0.0,0.0,0.0
R_DDPA,0.411,0.411,0.411,0.411,0.411,0.411,0.411,0.411,0.411,0.411
R_TMPPP,0.0,0.0,0.0,0.0,0.0,0.0,0.0,0.0,0.0,0.0
R_QULNS,0.00273000000001,0.00273,0.00273000000001,0.00273,0.00273000000001,0.00273,0.00273,0.00273,0.00273,0.00273
R_DKGLCNR1,0.0,0.0,0.0,0.0,0.0,0.0,0.0,0.0,0.0,0.0
R_RPE,0.0,3.965708,3.14476427957,-0.804572666667,-0.804572666667,3.886938,3.965708,3.79917466667,-0.801708781775,0.237687
R_EX_ins_e,0.0,0.0,0.0,0.0,0.0,0.0,0.0,0.0,0.0,0.0
R_5DGLCNR,0.0,0.0,0.0,0.0,0.0,0.0,0.0,0.0,0.0,0.0
R_TTDCAt2,0.0,0.0,0.0,0.0,0.0,0.0,0.0,0.0,0.0,0.0
R_GALURt2r,0.0,0.0,0.0,0.0,0.0,0.0,0.0,0.0,0.0,0.0
R_NADK,0.000530000000001,0.00053,0.00053,0.000529999999999,0.000529999999999,0.000529999999999,0.00053,0.000529999999999,0.000529999999998,0.000529999999999
R_PPTGS,0.0276,0.0276,0.0276,0.0276,0.0276,0.0276,0.0276,0.0276,0.0276,0.0276
R_DRPA,14.2144285635,0.517,0.517,0.0,0.0,9.55288619118,0.517,0.517,0.0,0.517
R_EX_ser_L_e,0.0,0.0,0.0,0.0,0.0,0.0,0.0,0.0,0.0,0.0
R_PACCOAL,0.0,0.0,0.0,0.0,0.0,0.0,0.0,0.0,0.0,0.0
R_PPPNDO,0.0,0.0,0.0,0.0,0.0,0.0,0.0,0.0,0.0,0.0
R_EX_maltpt_e,0.0,0.0,0.0,0.0,0.0,0.0,0.0,0.0,0.0,0.0
R_CYTD,0.0,0.0,0.0,0.0,0.0,0.0,0.0,0.0,0.0,0.0
R_PERD,0.0,0.0,0.0,0.0,0.0,0.0,0.0,0.0,0.0,0.0
R_MDH2,0.0,0.0,0.0,0.0,0.0,0.0,0.0,0.0,0.0,0.0
R_MDH3,0.0,0.0,0.0,0.0,0.0,0.0,0.0,0.0,0.0,0.0
R_TAGURr,0.0,0.0,0.0,0.0,0.0,0.0,0.0,0.0,0.0,0.0
R_GCALDD,0.05,0.05,0.05,0.05,0.05,0.05,0.05,0.05,0.05,0.05
R_UDPGALM,0.0,0.0,0.0,0.0,0.0,0.0,0.0,0.0,0.0,0.0
R_XPPT,0.0,0.0,0.0,0.0,0.0,0.0,0.0,0.0,0.0,0.0
R_PPPNt2r,0.0,0.0,0.0,0.0,0.0,0.0,0.0,0.0,0.0,0.0
R_PMANM,0.0,0.0,0.0,0.0,0.0,0.0,0.0,0.0,0.0,0.0
R_ARBt2r,0.0,0.0,0.0,0.0,0.0,0.0,0.0,0.0,0.0,0.0
R_MTHFD,0.878241,1.35615,1.35615,0.988788,0.83915,0.878241,1.35615,1.35615,1.045818,1.35615
R_MTHFC,0.878241,1.35615,1.35615,0.988788,0.83915,0.878241,1.35615,1.35615,1.045818,1.35615
R_GTHS,0.0,0.0,0.0,0.0,0.0,0.0,0.0,0.0,0.0,0.0
R_GSPMDA,0.0,0.0,0.0,0.0,0.0,0.0,0.0,0.0,0.0,0.0
R_PGCD,1.653209,2.131118,2.131118,1.688937,1.614118,1.653209,2.131118,2.131118,1.717452,2.131118
R_HDCAt2,0.0,0.0,0.0,0.0,0.0,0.0,0.0,0.0,0.0,0.0
R_KDOCT2,0.042,0.042,0.042,0.042,0.042,0.042,0.042,0.042,0.042,0.042
R_THRD_L,0.276,0.276,0.276,0.276,0.276,0.276,0.276,0.276,0.276,0.276
R_EX_sbt_D_e,0.0,0.0,0.0,0.0,0.0,0.0,0.0,0.0,0.0,0.0
R_OMCDC,0.428,0.428,0.428,0.428,0.428,0.428,0.428,0.428,0.428,0.428
R_GSPMDS,0.0,0.0,0.0,0.0,0.0,0.0,0.0,0.0,0.0,0.0
R_OXGDC2,0.0,0.0,0.0,0.0,0.0,0.0,0.0,0.0,0.0,0.0
R_EXoutput_man6p_e,0.0,0.0,0.0,0.0,0.0,0.0,0.0,0.0,0.0,0.0
R_PPCSCT,0.0,0.0,0.0,0.0,0.0,0.0,0.0,0.0,0.0,0.0
R_GLUabc,0.0,0.0,0.0,0.0,0.0,0.0,0.0,0.0,0.0,0.0
R_EX_din_e,0.0,0.0,0.0,0.0,0.0,0.0,0.0,0.0,0.0,0.0
R_EX_fum_e,0.0,0.0,0.0,0.0,0.0,0.0,0.0,0.0,0.0,0.0
R_MTAN,0.007,0.007,0.007,0.007,0.007,0.007,0.007,0.007,0.007,0.007
R_OPHBDC,0.0,0.0,0.0,0.0,0.0,0.0,0.0,0.0,0.0,0.0
R_EXoutput_uri_e,0.0,0.0,0.0,0.0,0.0,0.0,0.0,0.0,0.0,0.0
R_EX_amp_e,0.0,0.0,0.0,0.0,0.0,0.0,0.0,0.0,0.0,0.0
R_AP4AH,0.0,0.0,0.0,0.0,0.0,0.0,0.0,0.0,0.0,0.0
R_PGMT,-0.1738,-0.1738,-0.1738,-0.1738,-0.1738,-0.1738,-0.1738,-0.1738,-0.1738,-0.1738
R_EX_dha_e,0.0,1.8051493,0.0,0.0,0.0,0.0,3.76516885,0.0,0.0,0.0
R_PMPK,0.0,0.0,0.0,0.0,0.0,0.0,0.0,0.0,0.0,0.0
R_GALCTNt2r,0.0,0.0,0.0,0.0,0.0,0.0,0.0,0.0,0.0,0.0
R_KG6PDC,0.0,0.0,0.0,0.0,0.0,0.0,0.0,0.0,0.0,0.0
R_ARGORNt7,0.0,0.0,0.0,0.0,0.0,0.0,0.0,0.0,0.0,0.0
R_MALt2_3,0.0,0.0,0.0,0.0,0.0,0.0,0.0,0.0,0.0,0.0
R_MALt2_2,0.0,0.0,0.0,0.0,0.0,0.0,0.0,0.0,0.0,0.0
R_EX_cytd_e,0.0,0.0,0.0,0.0,0.0,0.0,0.0,0.0,0.0,0.0
R_TMAOR1,0.0,0.0,0.0,0.0,0.0,0.0,0.0,0.0,0.0,0.0
R_ADOCBIK,0.0,0.0,0.0,0.0,0.0,0.0,0.0,0.0,0.0,0.0
R_G1SATi,0.0,0.0,0.0,0.0,0.0,0.0,0.0,0.0,0.0,0.0
R_DPR,5.89999999999e-05,5.89999999998e-05,5.89999999998e-05,5.89999999998e-05,5.90000000003e-05,5.90000000029e-05,5.89999999998e-05,5.89999999998e-05,5.90000000003e-05,5.89999999994e-05
R_MLTG2,0.0,0.0,0.0,0.0,0.0,0.0,0.0,0.0,0.0,0.0
R_MLTG3,0.0,0.0,0.0,0.0,0.0,0.0,0.0,0.0,0.0,0.0
R_MLTG4,0.0,0.0,0.0,0.0,0.0,0.0,0.0,0.0,0.0,0.0
R_MLTG5,0.0,0.0,0.0,0.0,0.0,0.0,0.0,0.0,0.0,0.0
R_GLNS,0.6674,1.829628,1.829628,1.901628,1.901628,0.6674,1.829628,1.829628,1.901628,1.901628
R_GLYCDx,0.00645,0.0,0.0,0.00645,0.00645,0.0,0.0,0.0,0.0,0.0
R_IDONt2r,0.0,0.0,0.0,0.0,0.0,0.0,0.0,0.0,0.0,0.0
R_UGMDDS,0.0276,0.0276,0.0276,0.0276,0.0276,0.0276,0.0276,0.0276,0.0276,0.0276
R_NAt3_15,0.0,0.0,0.0,0.0,0.0,0.0,0.0,0.0,0.0,0.0
R_EX_pro_L_e,0.0,0.0,0.0,0.0,0.0,0.0,0.0,0.0,0.0,0.0
R_ACt2r,-10.2583198453,-22.8751327,-3.13427759677,-15.0191659815,-46.8380141667,-7.90855238235,-22.73838715,-6.26788655814,-11.2970986906,-10.6296098721
R_ALATA_D2,0.0,0.0,0.0,0.0,0.0,0.0,0.0,0.0,0.0,0.0
R_TDPDRE,0.0,0.0,0.0,0.0,0.0,0.0,0.0,0.0,0.0,0.0
R_EX_etoh_e,0.0,0.0,0.0,0.0,6.82108816667,0.0,0.0,0.0,0.0,0.0
R_ME1,0.0,0.0,0.0,17.8235031667,0.0,0.0,0.0,0.0,0.0,0.0
R_ME2,0.0,0.0,0.0,5.02750532099,0.0,0.0,0.0,0.0,7.34096734532,0.0
R_ALTRH,0.0,0.0,0.0,0.0,0.0,0.0,0.0,0.0,0.0,0.0
R_G1PTT,0.0,0.0,0.0,0.0,0.0,0.0,0.0,0.0,0.0,0.0
R_GAMpts,0.0,0.0,11.6221034489,0.0,0.0,0.0,0.0,10.684463,0.0,0.0
R_EX_lac_L_e,0.0,0.0,0.0,0.0,0.0,0.0,0.0,0.0,0.0,0.0
R_EX_hxan_e,0.0,0.0,0.0,0.0,0.0,0.0,0.0,0.0,0.0,0.0
R_DHPTDCs,0.0,0.0,0.0,0.0,0.0,0.0,0.0,0.0,0.0,0.0
R_IPPMIa,-0.428,-0.428,-0.428,-0.428,-0.428,-0.428,-0.428,-0.428,-0.428,-0.428
R_IPPMIb,-0.428,-0.428,-0.428,-0.428,-0.428,-0.428,-0.428,-0.428,-0.428,-0.428
R_UAGAAT,0.0168,0.0168,0.0168,0.0168,0.0168,0.0168,0.0168,0.0168,0.0168,0.0168
R_DHBD,0.0,0.0,0.0,0.0,0.0,0.0,0.0,0.0,0.0,0.0
R_EX_urea_e,0.0,0.0,0.0,0.0,0.0,0.0,0.0,0.0,0.0,0.0
R_GAPD,11.0013805635,13.8014747,17.8923767581,-2.86016166667,-2.86016166667,11.1896251912,13.66472915,19.0627545581,13.9512413453,12.7400148721
R_SSALy,0.0,0.0,0.0,0.0,0.0,0.0,0.0,0.0,0.0,0.0
R_EX_trp_L_e,0.0,0.0,0.0,0.0,0.0,0.0,0.0,0.0,0.0,0.0
R_RBK,0.0,0.0,0.0,0.0,0.0,0.0,0.0,0.0,0.0,0.0
R_TKT2,-0.2181,1.764754,1.35428213978,-0.620386333333,-0.620386333333,1.725369,1.764754,1.68148733333,-0.618954390887,-0.0992565
R_FORt,0.0,0.0,0.0,0.0,-57.6664573333,0.0,0.0,0.0,0.0,0.0
R_DINSt2,0.0,0.0,0.0,0.0,0.0,0.0,0.0,0.0,0.0,0.0
R_DHAD1,0.830059,0.830059,0.830059,0.830059,0.830059,0.830059,0.830059,0.830059,0.830059,0.830059
R_INSt2r,0.0,0.0,0.0,0.0,0.0,0.0,0.0,0.0,0.0,0.0
R_DHAD2,0.276,0.276,0.276,0.276,0.276,0.276,0.276,0.276,0.276,0.276
R_THZPSN,0.0,0.0,0.0,0.0,0.0,0.0,0.0,0.0,0.0,0.0
R_UPPDC1,0.0,0.0,0.0,0.0,0.0,0.0,0.0,0.0,0.0,0.0
R_DCYTt2,0.0,0.0,0.0,0.0,0.0,0.0,0.0,0.0,0.0,0.0
R_NTD6,0.0,0.0,0.0,0.0,0.0,0.0,0.0,0.0,0.0,0.0
R_ABUTD,0.0,0.0,0.0,0.0,0.0,0.0,0.0,0.0,0.0,0.0
R_GLYC3Pabc,0.0,0.0,0.0,0.0,0.0,0.0,0.0,0.0,0.0,0.0
R_METAT,0.007,0.007,0.007,0.007,0.007,0.007,0.007,0.007,0.007,0.007
R_EX_cbl1_e,0.0,0.0,0.0,0.0,0.0,0.0,0.0,0.0,0.0,0.0
R_PPPGO,0.0,0.0,0.0,0.0,0.0,0.0,0.0,0.0,0.0,0.0
R_OMPDC,0.3151,0.3151,0.3151,0.3151,0.3151,0.3151,0.3151,0.3151,0.3151,0.3151
R_NTPP8,0.0,0.0,0.0,0.0,0.0,0.0,0.0,0.0,0.0,0.0
R_EXinput_tre_e,0.0,0.0,0.0,0.0,0.0,0.0,0.0,0.0,0.0,0.0
R_ACNAMt2,0.0,10.684463,0.0,0.0,0.0,0.0,10.684463,0.0,0.0,0.0
R_RZ5PP,0.0,0.0,0.0,0.0,0.0,0.0,0.0,0.0,0.0,0.0
R_GLCNt2r,0.0,0.0,0.0,0.0,0.0,0.0,0.0,0.0,0.0,0.0
R_HXPRT,0.0,0.0,0.0,0.0,0.0,0.0,0.0,0.0,0.0,0.0
R_CYSS,0.233059,0.233059,0.233059,0.233059,0.233059,0.233059,0.233059,0.233059,0.233059,0.233059
R_MI1PP,0.0,0.0,0.0,0.0,0.0,0.0,0.0,0.0,0.0,0.0
R_SERAT,0.233059,0.233059,0.233059,0.233059,0.233059,0.233059,0.233059,0.233059,0.233059,0.233059
R_NTPP4,0.0,0.0,0.0,0.0,0.0,0.0,0.0,0.0,0.0,0.0
R_CBPS,0.0,0.0,0.0,0.0,0.0,0.0,0.0,0.0,0.0,0.0
R_PASYN_EC,0.13545,0.13545,0.13545,0.13545,0.13545,0.13545,0.13545,0.13545,0.13545,0.13545
R_THRS,0.0,0.0,0.0,0.517,0.517,0.0,0.0,0.0,0.517,0.0
R_AMANAPE,0.0,10.684463,0.0,0.0,0.0,0.0,10.684463,0.0,0.0,0.0
R_ADK1,1.553177,2.309496,2.309496,2.309496,10.5284676667,1.553177,2.309496,2.309496,2.309496,2.309496
R_ORPT,-0.3151,-0.3151,-0.3151,-0.3151,-0.3151,-0.3151,-0.3151,-0.3151,-0.3151,-0.3151
R_ADK3,0.0,0.0,0.0,0.0,0.0,0.0,0.0,0.0,0.0,0.0
R_MOAT2,0.0084,0.0084,0.0084,0.0084,0.0084,0.0084,0.0084,0.0084,0.0084,0.0084
R_ADK4,0.0,0.0,0.0,0.0,0.0,0.0,0.0,0.0,0.0,0.0
R_EX_tmao_e,0.0,0.0,0.0,0.0,0.0,0.0,0.0,0.0,0.0,0.0
R_EXoutput_3hpppn_e,0.0,0.0,0.0,0.0,0.0,0.0,0.0,0.0,0.0,0.0
R_DHPPD,0.0,0.0,0.0,0.0,0.0,0.0,0.0,0.0,0.0,0.0
R_ADD,0.0,0.0,0.0,0.0,0.0,0.0,0.0,0.0,0.0,0.0
R_HYPOE,0.0,0.0,0.0,0.0,0.0,0.0,0.0,0.0,0.0,0.0
R_KAS14,0.0,0.0,0.0,0.0,0.0,0.0,0.0,0.0,0.0,0.0
R_KAS15,0.3213,0.3213,0.3213,0.3213,0.3213,0.3213,0.3213,0.3213,0.3213,0.3213
R_KAS16,0.0336,0.0336,0.0336,0.0336,0.0336,0.0336,0.0336,0.0336,0.0336,0.0336
R_TDPAGTA,0.0,0.0,0.0,0.0,0.0,0.0,0.0,0.0,0.0,0.0
R_NNAT,0.00273000000001,0.00273,0.00273000000001,0.00273,0.00273000000001,0.00273,0.00273,0.00273,0.00273,0.00273
R_PYRt2r,0.0,0.0,0.0,0.0,0.0,0.0,0.0,0.0,0.0,0.0
R_EX_g6p_e,0.0,0.0,0.0,0.0,0.0,0.0,0.0,0.0,0.0,0.0
R_SUCpts,0.0,0.0,0.0,0.0,0.0,0.0,0.0,0.0,0.0,0.0
R_RPI,-1.140139,-3.664693,-3.25422113978,-0.762552666667,-0.762552666667,-3.083608,-3.664693,-3.58142633333,-0.763984609113,-1.8006825
R_OBTFL,0.0,0.0,0.0,0.0,0.0,0.0,0.0,0.0,0.0,0.0
R_ACS,0.0,0.0,0.0,0.0,0.0,0.0,0.0,0.0,0.0,0.0
R_SHCHF,0.0,0.0,0.0,0.0,0.0,0.0,0.0,0.0,0.0,0.0
R_IPPS,0.428,0.428,0.428,0.428,0.428,0.428,0.428,0.428,0.428,0.428
R_EXinput_man6p_e,0.0,0.0,0.0,0.0,0.0,3.396628,0.911637,1.68643194574,8.40641747722,8.31915318605
R_XYLt2,0.0,0.0,0.0,0.0,0.0,0.0,0.0,0.0,0.0,0.0
R_DHDPS,0.3536,0.3536,0.3536,0.3536,0.3536,0.3536,0.3536,0.3536,0.3536,0.3536
R_PRFGS,0.0,0.477909,0.477909,0.477909,0.477909,0.0,0.477909,0.477909,0.477909,0.477909
R_ASNS2,0.229,0.229,0.229,0.229,0.229,0.229,0.229,0.229,0.229,0.229
R_ASNS1,0.0,0.0,0.0,0.0,0.0,0.0,0.0,0.0,0.0,0.0
R_URIK2,0.0,0.0,0.0,0.0,0.0,0.0,0.0,0.0,0.0,0.0
R_ALCD19,0.0,0.0,0.0,0.0,0.0,0.0,0.0,0.0,0.0,0.0
R_CRNBTCT,0.0,0.0,0.0,0.0,0.0,0.0,0.0,0.0,0.0,0.0
R_HMPK1,0.0,0.0,0.0,0.0,0.0,0.0,0.0,0.0,0.0,0.0
R_THMabc,0.0,0.0,0.0,0.0,0.0,0.0,0.0,0.0,0.0,0.0
R_PGAMT,-0.072,-0.072,-0.072,-0.072,-0.072,-0.072,-0.072,-0.072,-0.072,-0.072
R_DDPGALA,0.0,0.0,0.0,0.0,0.0,0.0,0.0,0.0,0.0,0.0
R_EX_glcr_e,0.0,0.0,0.0,0.0,0.0,0.0,0.0,0.0,0.0,0.0
R_EX_4abut_e,0.0,0.0,0.0,0.0,0.0,0.0,0.0,0.0,0.0,0.0
R_ALATA_L,-0.5708,-0.5708,-0.5708,-0.5708,67.841729,-0.5708,-0.5708,-0.5708,-0.5708,9.711663
R_ACACt2,0.0,0.0,0.0,0.0,0.0,0.0,0.0,0.0,0.0,0.0
R_GLXCL,0.0,0.0,0.0,0.0,0.0,0.0,0.0,0.0,0.0,0.0
R_NADDPe,0.0,0.0,0.0,0.0,0.0,0.0,0.0,0.0,0.0,0.0
R_AHC,0.0,0.0,0.0,0.0,0.0,0.0,0.0,0.0,0.0,0.0
R_EX_xyl_D_e,0.0,0.0,0.0,0.0,0.0,0.0,0.0,0.0,0.0,0.0
R_RIBabc,0.0,0.0,0.0,0.0,0.0,0.0,0.0,0.0,0.0,0.0
R_PFK_2,0.0,0.0,0.0,0.0,0.0,0.0,0.0,0.0,0.0,0.0
R_MTRI,0.007,0.007,0.007,0.007,0.007,0.007,0.007,0.007,0.007,0.007
R_CS,3.73373328177,1.110603,3.57343416129,2.05598750617,1.1106,1.610203,1.110603,1.610203,1.610203,1.610203
R_EX_lac_D_e,0.0,0.0,0.0,0.0,0.0,0.0,0.0,0.0,0.0,0.0
R_HCINNMt2r,0.0,0.0,0.0,0.0,0.0,0.0,0.0,0.0,0.0,0.0
R_HISabc,0.0,0.0,0.0,0.0,0.0,0.0,0.0,0.0,0.0,0.0
R_EX_glcur_e,0.0,0.0,0.0,0.0,0.0,0.0,0.0,0.0,0.0,0.0
R_UDCPDPS,0.0,0.0,0.0,0.0,0.0,0.0,0.0,0.0,0.0,0.0
R_FBP,1.446709,0.0,0.0,1.06912266667,1.06912266667,0.0,0.0,0.0,0.0,0.0
R_ILEabc,0.0,0.0,0.0,0.0,0.0,0.0,0.0,0.0,0.0,0.0
R_ACGK,0.323,0.323,0.323,0.323,0.323,0.323,0.323,0.323,0.323,0.323
R_EX_glu_L_e,0.0,0.0,0.0,0.0,0.0,0.0,0.0,0.0,0.0,0.0
R_GLUSy,0.0,0.0,0.0,0.0,0.0,0.0,0.0,0.0,0.0,0.0
R_TRSAR,0.0,0.0,0.0,0.0,0.0,0.0,0.0,0.0,0.0,0.0
R_EX_ade_e,0.0,0.0,0.0,0.0,0.0,0.0,0.0,0.0,0.0,0.0
R_GLYBabc,0.0,0.0,0.0,0.0,0.0,0.0,0.0,0.0,0.0,0.0
R_ADPT,0.0,0.0,0.0,0.0,0.0,0.0,0.0,0.0,0.0,0.0
R_DHORD5,0.0,0.0,0.0,0.0,0.0,0.0,0.0,0.0,0.0,0.0
R_DHORD2,0.3151,0.3151,0.3151,0.3151,0.3151,0.3151,0.3151,0.3151,0.3151,0.3151
R_GLYK,0.0,0.00645,0.00645,0.0,0.0,0.00645,0.00645,0.00645,0.00645,0.00645
R_HISTP,0.09,0.09,0.09,0.09,0.09,0.09,0.09,0.09,0.09,0.09
R_C141SN,0.013545,0.013545,0.013545,0.013545,0.013545,0.013545,0.013545,0.013545,0.013545,0.013545
R_IG3PS,0.09,0.09,0.09,0.09,0.09,0.09,0.09,0.09,0.09,0.09
R_DMATT,0.0,0.0,0.0,0.0,0.0,0.0,0.0,0.0,0.0,0.0
R_ADNK1,0.007,0.007,0.007,0.007,0.007,0.007,0.007,0.007,0.007,0.007
R_HPPPNt2r,0.0,0.0,0.0,0.0,0.0,0.0,0.0,0.0,0.0,0.0
R_ADNCYC,0.0,0.0,0.0,0.0,0.0,0.0,0.0,0.0,0.0,0.0
R_EX_fru_e,0.0,0.0,0.0,0.0,0.0,0.0,0.0,0.0,0.0,0.0
R_THRt2r,0.0,0.0,0.0,0.0,0.0,0.0,0.0,0.0,0.0,0.0
R_PDXPP,0.0,0.0,0.0,0.0,0.0,0.0,0.0,0.0,0.0,0.0
R_EX_malt_e,0.0,0.0,0.0,0.0,0.0,0.0,0.0,0.0,0.0,0.0
R_GLCRD,0.0,0.0,0.0,0.0,0.0,0.0,0.0,0.0,0.0,0.0
R_OPHHX,0.0,0.0,0.0,0.0,0.0,0.0,0.0,0.0,0.0,0.0
R_EX_acmana_e,0.0,0.0,0.0,0.0,0.0,0.0,0.0,0.0,0.0,0.0
R_BTS2,0.0,0.0,0.0,0.0,0.0,0.0,0.0,0.0,0.0,0.0
R_EX_o2_e,-15.2903199088,-17.5570827,-20.0,-20.0,-20.0,-14.7311397868,-17.42033715,-18.2255310581,-14.8172181906,-17.2450228721
R_PTRCTA,0.0,0.0,0.0,0.0,0.0,0.0,0.0,0.0,0.0,0.0
R_EX_akg_e,0.0,0.0,0.0,0.0,0.0,0.0,0.0,0.0,0.0,0.0
R_PIt2r,0.911637,0.911637,0.911637,0.911637,0.911637,4.308265,1.823274,2.59806894574,9.31805447722,9.23079018605
R_CHLabc,0.0,0.0,0.0,0.0,0.0,0.0,0.0,0.0,0.0,0.0
R_NACUP,0.0,0.0,0.0,0.0,0.0,0.0,0.0,0.0,0.0,0.0
R_MCOATA,2.306787,2.306787,2.306787,2.306787,2.306787,2.306787,2.306787,2.306787,2.306787,2.306787
R_EXinput_pi_e,0.911637,0.911637,0.911637,0.911637,0.911637,0.0,0.0,0.0,0.0,0.0
R_ORNTA,0.0,0.0,0.0,0.0,0.0,0.0,0.0,0.0,0.0,0.0
R_RBFSa,2e-05,2e-05,2e-05,2e-05,2e-05,2e-05,2e-05,2e-05,2e-05,2e-05
R_AMALT1,0.0,0.0,0.0,0.0,0.0,0.0,0.0,0.0,0.0,0.0
R_AMALT2,0.0,0.0,0.0,0.0,0.0,0.0,0.0,0.0,0.0,0.0
R_AMALT3,0.0,0.0,0.0,0.0,0.0,0.0,0.0,0.0,0.0,0.0
R_AMALT4,0.0,0.0,0.0,0.0,0.0,0.0,0.0,0.0,0.0,0.0
R_EX_his_L_e,0.0,0.0,0.0,0.0,0.0,0.0,0.0,0.0,0.0,0.0
R_EX_sucr_e,0.0,0.0,0.0,0.0,0.0,0.0,0.0,0.0,0.0,0.0
R_THRabc,0.0,0.0,0.0,0.0,0.0,0.0,0.0,0.0,0.0,0.0
R_GALCTND,0.0,0.0,0.0,0.0,0.0,0.0,0.0,0.0,0.0,0.0
R_EX_h_e,3.24857528177,10.6472267,12.2752975968,-38.1514123272,44.8589625,5.56035019118,10.51048115,15.4089065581,0.0,9.08616687209
R_FUCPt6_2,0.0,0.0,0.0,0.0,0.0,0.0,0.0,0.0,0.0,0.0
R_EX_arab_L_e,0.0,0.0,0.0,0.0,0.0,0.0,0.0,0.0,0.0,0.0
R_EX_met_D_e,0.0,0.0,0.0,0.0,0.0,0.0,0.0,0.0,0.0,0.0
R_GART,0.0,0.0,0.0,0.05703,0.206668,0.0,0.0,0.0,0.0,0.0
R_THRAr,-0.517,-0.517,-0.517,0.0,0.0,-0.517,-0.517,-0.517,0.0,-0.517
R_HPYRRx,0.0,0.0,0.0,0.0,0.0,0.0,0.0,0.0,0.0,0.0
R_HPYRRy,0.0,0.0,0.0,0.0,0.0,0.0,0.0,0.0,0.0,0.0
R_DDGALK,0.0,0.0,0.0,0.0,0.0,0.0,0.0,0.0,0.0,0.0
R_EX_but_e,0.0,0.0,0.0,0.0,0.0,0.0,0.0,0.0,0.0,0.0
R_NADH5,0.0,0.0,0.0,0.0,0.0,0.0,0.0,0.0,0.0,0.0
R_MALTHXabc,0.0,0.0,0.0,0.0,0.0,0.0,0.0,0.0,0.0,0.0
R_NADH7,0.0,0.0,0.0,0.0,0.0,0.0,0.0,0.0,0.0,0.0
R_NADH6,26.7304085359,34.3649734,36.7879768387,38.7367854938,39.632173,27.7355785735,34.0914823,35.2022701163,29.186380036,33.2412537442
R_NADH9,0.0,0.0,0.0,0.0,0.0,0.0,0.0,0.0,0.0,0.0
R_NADH8,0.0,0.0,0.0,0.0,0.0,0.0,0.0,0.0,0.0,0.0
R_EXinput_3hpppn_e,0.0,0.0,0.0,0.0,0.0,0.0,0.0,0.0,0.0,0.0
R_PRASCS,0.0,0.477909,0.477909,0.477909,0.477909,0.0,0.477909,0.477909,0.477909,0.477909
R_CDAPPA_EC,0.0,0.0,0.0,0.0,0.0,0.0,0.0,0.0,0.0,0.0
R_PRATPP,0.09,0.09,0.09,0.09,0.09,0.09,0.09,0.09,0.09,0.09
R_AOXSr,0.0,0.0,0.0,0.0,0.0,0.0,0.0,0.0,0.0,0.0
R_NMNN,0.0,0.0,0.0,0.0,0.0,0.0,0.0,0.0,0.0,0.0
R_DADA,0.0,0.0,0.0,0.0,0.0,0.0,0.0,0.0,0.0,0.0
R_G1PACT,0.072,0.072,0.072,0.072,0.072,0.072,0.072,0.072,0.072,0.072
R_EX_acac_e,0.0,0.0,0.0,0.0,0.0,0.0,0.0,0.0,0.0,0.0
R_DADK,0.0,0.0,0.0,0.0,0.0,0.0,0.0,0.0,0.0,0.0
R_UHGADA,0.0168,0.0168,0.0168,0.0168,0.0168,0.0168,0.0168,0.0168,0.0168,0.0168
R_PLIPA2,0.0,0.0,0.0,0.0,0.0,0.0,0.0,0.0,0.0,0.0
R_EX_rib_D_e,0.0,0.0,0.0,0.0,0.0,0.0,0.0,0.0,0.0,0.0
R_ALAALAr,0.0276,0.0276,0.0276,0.0276,0.0276,0.0276,0.0276,0.0276,0.0276,0.0276
R_GLUPRT,0.0,0.477909,0.477909,0.477909,0.477909,0.0,0.477909,0.477909,0.477909,0.477909
R_E4PD,0.0,0.0,0.0,0.0,0.0,0.0,0.0,0.0,0.0,0.0
R_GLCDe,0.0,0.0,0.0,0.0,0.0,0.0,0.0,0.0,0.0,0.0
R_CITL,0.0,0.0,0.0,0.0,0.0,0.0,0.0,0.0,0.0,0.0
R_FAO1,0.0,0.0,0.0,0.0,0.0,0.0,0.0,0.0,0.0,0.0
R_CADVt,0.0,0.0,0.0,0.0,0.0,0.0,0.0,0.0,0.0,0.0
R_FAO2,0.0,0.0,0.0,0.0,0.0,0.0,0.0,0.0,0.0,0.0
R_FRD3,0.0,0.0,0.0,0.0,0.0,0.0,0.0,0.0,0.0,0.0
R_FAO4,0.0,0.0,0.0,0.0,0.0,0.0,0.0,0.0,0.0,0.0
R_SHSL1,0.146,0.146,0.146,0.146,0.146,0.146,0.146,0.146,0.146,0.146
R_EX_met_L_e,0.0,0.0,0.0,0.0,0.0,0.0,0.0,0.0,0.0,0.0
R_LPADSS,0.0084,0.0084,0.0084,0.0084,0.0084,0.0084,0.0084,0.0084,0.0084,0.0084
R_PPAKr,0.0,0.0,0.0,0.0,0.0,0.0,0.0,0.0,0.0,0.0
R_ADMDCr,0.007,0.007,0.007,0.007,0.007,0.007,0.007,0.007,0.007,0.007
R_EX_ala_D_e,0.0,0.0,0.0,0.0,0.0,0.0,0.0,0.0,0.0,0.0
R_HPPK2,0.05,0.05,0.05,0.05,0.05,0.05,0.05,0.05,0.05,0.05
R_ACMANApts,0.0,0.0,0.0,0.0,0.0,0.0,0.0,0.0,0.0,0.0
R_DBTSr,0.0,0.0,0.0,0.0,0.0,0.0,0.0,0.0,0.0,0.0
R_D_LACt2,0.0,0.0,0.0,0.0,0.0,0.0,0.0,0.0,0.0,0.0
R_EXoutput_tre_e,0.0,0.0,0.0,0.0,0.0,0.0,0.0,0.0,0.0,0.0
R_EXinput_galct_D_e,0.0,0.0,0.0,0.0,0.0,0.0,0.0,0.0,0.0,0.0
R_ARGSL,0.281,0.281,0.281,0.281,0.281,0.281,0.281,0.281,0.281,0.281
R_SPMDAT2,0.0,0.0,0.0,0.0,0.0,0.0,0.0,0.0,0.0,0.0
R_X5PL3E,0.0,0.0,0.0,0.0,0.0,0.0,0.0,0.0,0.0,0.0
R_PPCK,0.0,0.0,0.0,5.44069866667,0.0,0.0,0.0,0.0,0.0,0.0
R_AHCYSNS,0.0,0.0,0.0,0.0,0.0,0.0,0.0,0.0,0.0,0.0
R_LEUabc,0.0,0.0,0.0,0.0,0.0,0.0,0.0,0.0,0.0,0.0
R_ECAP_EC,0.0,0.0,0.0,0.0,0.0,0.0,0.0,0.0,0.0,0.0
R_ICHORSi,0.0,0.0,0.0,0.0,0.0,0.0,0.0,0.0,0.0,0.0
R_PTPATi,5.89999999999e-05,5.89999999998e-05,5.89999999998e-05,5.89999999998e-05,5.90000000003e-05,5.90000000029e-05,5.89999999998e-05,5.89999999998e-05,5.90000000003e-05,5.89999999994e-05
R_L_LACt2r,0.0,0.0,0.0,0.0,0.0,0.0,0.0,0.0,0.0,0.0
R_PDX5PO,0.0,0.0,0.0,0.0,0.0,0.0,0.0,0.0,0.0,0.0
R_EXoutput_3hcinnm_e,0.0,0.0,0.0,0.0,0.0,0.0,0.0,0.0,0.0,0.0
R_EX_tartr_L_e,0.0,0.0,0.0,0.0,0.0,0.0,0.0,0.0,0.0,0.0
R_ASPabc,0.0,0.0,0.0,0.0,0.0,0.0,0.0,0.0,0.0,0.0
R_EX_adn_e,0.0,0.0,0.0,0.0,0.0,0.0,0.0,0.0,0.0,0.0
R_PNTOt4,0.0,0.0,0.0,0.0,0.0,0.0,0.0,0.0,0.0,0.0
R_PTRCt2r,0.0,0.0,0.0,0.0,0.0,0.0,0.0,0.0,0.0,0.0
R_EX_galt_e,0.0,0.0,0.0,0.0,0.0,0.0,0.0,0.0,0.0,0.0
R_CYSTL,0.146,0.146,0.146,0.146,0.146,0.146,0.146,0.146,0.146,0.146
R_EX_maltttr_e,0.0,0.0,0.0,0.0,0.0,0.0,0.0,0.0,0.0,0.0
R_ADA,0.0,0.0,0.0,0.0,0.0,0.0,0.0,0.0,0.0,0.0
R_AGMHE,0.0252,0.0252,0.0252,0.0252,0.0252,0.0252,0.0252,0.0252,0.0252,0.0252
R_HSDy,-0.146,-0.146,-0.146,-0.663,-0.663,-0.146,-0.146,-0.146,-0.663,-0.146
R_CSND,0.0,0.0,0.0,0.0,0.0,0.0,0.0,0.0,0.0,0.0
R_EX_hdca_e,0.0,0.0,0.0,0.0,0.0,0.0,0.0,0.0,0.0,0.0
R_L_LACD3,0.0,0.0,0.0,0.0,0.0,0.0,0.0,0.0,0.0,0.0
R_LYSabc,0.0,0.0,0.0,0.0,0.0,0.0,0.0,0.0,0.0,0.0
R_EXinput_acnam_e,0.0,10.684463,0.0,0.0,0.0,0.0,10.684463,0.0,0.0,0.0
R_EX_tma_e,0.0,0.0,0.0,0.0,0.0,0.0,0.0,0.0,0.0,0.0
R_KDOPP,0.042,0.042,0.042,0.042,0.042,0.042,0.042,0.042,0.042,0.042
R_EX_gal_e,0.0,0.0,0.0,0.0,0.0,0.0,0.0,0.0,0.0,0.0
R_G6PDH2r,1.182159,7.672421,6.44100541935,0.0,0.0,7.012566,7.672421,7.422621,0.00429582733811,2.0803895
R_AGDC,0.0,10.684463,0.0,0.0,0.0,0.0,10.684463,0.0,0.0,0.0
R_EX_mal_L_e,0.0,0.0,0.0,0.0,0.0,0.0,0.0,0.0,0.0,0.0
R_SELNPS,0.0,0.0,0.0,0.0,0.0,0.0,0.0,0.0,0.0,0.0
R_XYLI1,0.0,0.0,0.0,0.0,0.0,0.0,0.0,0.0,0.0,0.0
R_EXoutput_glcn_e,0.0,0.0,0.0,0.0,0.0,0.0,0.0,0.0,0.0,0.0
R_PYNP2r,0.0247,0.0,0.0,0.0,0.0,0.0247,0.0,0.0,0.0,0.0
R_ASPT,0.0,0.0,0.0,20.8572159815,0.0,0.0,0.0,0.0,2.258114,0.0
R_MMCD,0.0,0.0,0.0,0.0,0.0,0.0,0.0,0.0,0.0,0.0
R_RMK,0.0,0.0,0.0,0.0,0.0,0.0,0.0,0.0,0.0,0.0
R_DXPRIi,0.0,0.0,0.0,0.0,0.0,0.0,0.0,0.0,0.0,0.0
R_GLYCTO4,0.0,0.0,0.0,0.0,0.0,0.0,0.0,0.0,0.0,0.0
R_GARFT,0.0,0.477909,0.477909,0.420879,0.271241,0.0,0.477909,0.477909,0.477909,0.477909
R_HPYRI,0.0,0.0,0.0,0.0,0.0,0.0,0.0,0.0,0.0,0.0
R_DCYTD,0.0,0.0,0.0,0.0,0.0,0.0,0.0,0.0,0.0,0.0
R_PRAIS,0.0,0.477909,0.477909,0.477909,0.477909,0.0,0.477909,0.477909,0.477909,0.477909
R_ASPK,0.4996,0.4996,0.4996,1.0166,1.0166,0.4996,0.4996,0.4996,1.0166,0.4996
R_EXinput_lys_L_e,0.0,0.0,0.0,0.0,0.0,0.0,0.0,0.0,0.0,0.0
